,id,n_pulses,n_emitters,n_types,min_ToA,min_Frequency,min_PulseWidth,min_AoA,min_Amplitude,max_ToA,max_Frequency,max_PulseWidth,max_AoA,max_Amplitude,mean_ToA,mean_Frequency,mean_PulseWidth,mean_AoA,mean_Amplitude,std_ToA,std_Frequency,std_PulseWidth,std_AoA,std_Amplitude
0,config_0,27171,14,15,1283506.13632086,149.8575270965489,0.0077877330907985,-171.80905117797104,-182.82570634691567,28549532.30008792,11992.728808828384,107.0327053592315,132.83466240260412,-39.37213551319601,17087259.798129752,3027.9054336975964,28.046924042275275,98.85126212694874,-81.98512834315905,6442718.912078307,3000.2465684162494,29.853087866188556,48.413536983428294,18.566284195484545
1,config_1,85428,32,34,1150083.146920967,9.96585605457332,0.1626930243969624,-171.9107351887076,-159.62209956548733,29298742.24452495,11405.086652789589,350.11300519882514,146.9374469037724,-6.924710376196777,13586976.16286855,6009.942296000098,12.879763878988529,42.58611932047047,-90.4289302439422,6753482.752815358,3571.471837095654,54.172588764266706,80.41653655506016,18.28188839763093
2,config_2,179302,75,51,20723.520354631277,5.920321941387428,0.0069433346752967,-179.99759014312485,-162.02135439973796,29353546.559667688,11402.150831005663,349.8363259025946,179.9993214614977,2.4433325361965363,14510959.19514398,4537.802234249728,17.818243308137834,61.350588534402895,-84.5497629672998,6362700.233958579,3255.0611145101784,45.66250501185592,66.07778106677387,18.81422393491849
3,config_3,158978,64,51,114301.63328644724,21.857019491465387,0.0069132244586627,-179.9927338207711,-174.29069043016509,29374370.857769605,16063.571329828404,357.487240946243,179.9923577617742,-4.460467483806393,13902656.329039924,4728.196026204656,10.885429154407412,19.32185065748613,-80.08291319309797,7080653.734427264,3807.861586600342,27.922986201547808,130.10778458619828,21.49700677222193
4,config_4,51195,38,37,200480.84721066017,14.971751372295332,0.0458408094596948,-179.99883047278144,-162.11243382378612,29312907.60983942,11404.097651658542,341.90446755769597,179.99961089471014,-11.97227065533798,13289851.84148133,4672.231683797191,2.8968610265930477,-54.914076777216,-95.36655194775854,6764135.359666782,3509.264633490395,22.65252276350094,104.26793704450766,14.530442137665686
5,config_5,19812,4,6,4650010.617878303,388.37633191369787,0.2471919879510911,-176.44494680505417,-141.69767876542173,20699083.7705006,9402.479734668692,108.19777189304722,38.47520304626645,-20.075657700585488,10945548.78056659,4910.477463862266,9.902715338444082,-66.75447223261696,-75.34948881742544,4736653.332978616,2048.757222074102,26.619384142612276,68.99542434613507,19.97837749227729
6,config_6,117165,63,45,355184.45873554127,337.66827350705364,0.0292522638716455,-179.81140357082333,-168.16153005340203,28749581.640287153,10009.530708727214,211.8160748089887,179.99035896861943,-22.52638926641878,14834398.332952404,4135.041349751699,2.834989806217787,56.76962327661805,-91.8688360534006,6164142.851543397,2428.9284272485256,14.24524100401375,80.8171878776868,11.00508237308267
7,config_7,51744,39,33,600031.7166811224,149.94233458963456,0.0077975710452343,-163.31111323263906,-172.31735902581008,28737558.722571027,11997.445095893709,52.75382842481108,159.52126090757588,-19.115338356672417,17549303.41333562,4017.568274977811,12.792420200145283,59.26155820294046,-83.05856652041074,6348571.391969022,2838.8377324635485,18.23345461074972,78.94308795099437,19.027709222761228
8,config_8,27450,17,19,366875.22974441055,9.393521116521026,0.0087193209933864,-179.76530691555337,-172.69064480419993,28549582.298020378,11948.74849085571,349.14738860084674,179.91983028522597,13.804136697840493,17785511.139064822,3937.246324771036,41.96008128802681,23.544810839152458,-79.7012199005733,6215690.179680161,3367.3441099710785,75.22523401867377,81.47668667055804,28.03854464856415
9,config_9,51002,16,19,250024.26011958127,426.0045174483922,0.0450880479483622,-147.1828830802012,-161.78371236743226,28299854.30208329,11993.280800865869,208.75667456289892,152.8234298863647,-35.23902133618706,13398664.875686163,2859.2226684482557,0.8109199496913202,18.190088519291287,-91.2613993814382,8461945.72601759,2759.3358660172366,6.996851092302325,52.437259738428594,10.796287312054323
10,config_10,48682,44,36,257688.51054513635,4.736747647098715,0.0342923663519338,-165.7233300970873,-166.52238248137283,29281793.168340072,11957.572655066697,349.8986491077561,171.42287740723634,4.288541175004902,14437868.76484268,7004.14426271415,26.891314254782017,-57.97104163123481,-86.22632062018127,7338793.60213813,3600.2245063519217,82.93772339446039,72.07456404479176,28.51255375110084
11,config_11,83803,34,32,303109.2515605512,448.8775360050943,0.0421342355856317,-179.83772678499912,-161.77639730588436,28785396.431447174,11407.246187601197,217.01646591347637,179.99284532697516,-22.810389588511736,14377384.4550626,4791.009041170897,11.205326116288749,41.127078047996086,-92.17516257788888,5400891.821823909,3143.8972694206873,28.82240864103534,75.34345285622966,14.144975840322326
12,config_12,905,5,5,1166080.5645343198,1219.667186381029,0.1842642297844595,-131.32222379865593,-179.497586067407,29294799.38477883,11946.081017019786,5.106334145720319,172.268988160234,-36.180484072871735,13531282.46966043,4636.9117218160745,2.0112117595652275,95.38617814706662,-76.04038867945967,6299855.035428807,3913.791023629646,1.8518780768668317,48.86877299516786,32.04454670973651
13,config_13,160563,53,45,378738.02769442607,402.0196590186816,0.0374221186191154,-179.17708978130707,-163.96390167774956,29477869.395370696,11818.88978276713,111.38156592380462,175.80078118778536,-28.965912200951983,15691156.624827748,5505.708894707075,7.487590337084278,20.57908452034122,-88.82002667304505,7428712.704710351,2519.5370231128713,21.987399339627355,81.10236870559292,15.462693435500997
14,config_14,143657,51,42,305873.69641683827,23.70008153918562,0.1624488957539673,-179.93702338275412,-177.18343228457465,28998342.027382467,9989.945963277834,355.2439531579415,179.98874286013142,-10.435891847200244,15802735.289975615,3068.962096165137,15.252721641275382,24.758228691384616,-85.93438656207327,5912748.16306469,1803.7292696530576,52.86145534827663,66.18009649171587,18.17997452283686
15,config_15,14970,10,11,184958.37992629895,22.319173920283056,0.1618732594440425,-121.750790557357,-143.37362808611812,28210371.818925895,9402.579725645604,345.45330524268803,169.48019413040905,-15.011501727818764,7649594.033140838,2244.3767709711256,4.892102451427868,49.536819351468104,-85.67957325575647,3932061.117239589,999.194143602619,35.30105015775982,30.60411191121647,11.962744886101513
16,config_16,5518,10,12,263352.12928408524,5.078137432556343,0.4729056482381015,-150.3982318429216,-134.55675635968544,28549513.675504524,5604.655274835865,340.06578469438125,177.7568975602266,14.4104381619562,19257943.813698605,2462.387177316753,22.468216293410833,71.59463880667113,-84.67165622557047,7351693.283080262,1077.9937386771342,57.20705569569567,84.39373067055993,25.008310278761822
17,config_17,147424,67,46,117458.21690887352,20.334116229279832,0.0069178422819714,-179.99336993187887,-186.65083222647425,29298524.285768904,11402.783244650444,349.3632826285771,179.99757773366736,-1.0036968426331208,14973999.095587494,3591.032101260668,8.623443046954351,11.45572166325004,-86.03775111453005,6504278.999726012,2806.987166210017,40.169362727885265,86.26893990549392,16.529841789771357
18,config_18,57283,36,35,1000072.9822948552,18.496815191754795,0.0310636582039754,-179.98269107427694,-170.88556839565706,29298925.278800298,10011.492089881584,349.21074488522294,179.93846965090316,18.08075191742538,13916831.92324045,4421.641353578392,17.087287844828953,27.836992863560692,-88.64722297501638,7522769.581452799,2428.415481337833,42.380715381841206,81.19738166695888,20.381604135598785
19,config_19,51851,49,43,223073.66107990185,150.1279346972921,0.0247273876591153,-179.97367685339466,-167.2114004493348,28728248.06733404,11406.049699314342,105.26975282106652,179.87623915747574,-15.667751972207746,15928483.779865364,3530.723563048449,2.6909227492544447,-32.617751322101796,-90.62290401451848,7785800.199161217,2900.863004470432,10.05230063379846,82.70985780912783,19.54598636545898
20,config_20,97881,38,31,364887.2022812789,149.73347307802536,0.0085653356849204,-179.9999175320222,-166.4496757370082,29185914.830622356,11835.996071927291,106.90009118172158,179.99885416569597,-28.636391966903705,13406600.221153174,3170.2730576851204,16.412084024230897,-15.598865606256023,-83.61209167510474,6778763.698865271,2172.7826974553286,23.570267753491247,91.94781450214698,14.695523378190495
21,config_21,105627,57,44,301697.1018858336,149.50418263786187,0.028208455441963,-179.85490766673428,-166.6267971761409,29222872.302273557,11402.444724112518,216.1232156124916,179.9884645496392,-31.886701578014232,12760861.73181959,3555.1535090740413,13.15293012273418,42.354501412165185,-82.06715037921643,7458008.885244868,2901.721682931995,17.702444251557083,107.7761736710029,17.68017787591708
22,config_22,160300,37,34,350010.42581078125,12.918414037634996,0.0069033498978347,-168.86931646023163,-161.35574036496982,29345435.7696783,11936.75575822792,343.39770213640975,176.05252140043865,-8.417807147368208,14854216.928985212,3675.032073233441,16.245537796324523,16.120353803259366,-82.84943791046942,7923812.153878181,2249.308214785307,38.99593507072609,105.5495640658691,18.378856683162503
23,config_23,28471,12,15,751230.0388839961,24.519195485531014,0.382331597938054,-160.33567372065832,-166.60959930068668,28726434.29007188,9595.263033318792,347.9948357706144,106.01938619042636,-7.719289124961401,14298580.29136659,1666.7564090685617,38.47967806513425,-0.1465596306936581,-70.47792752671356,6730279.064416759,1690.474540030183,58.17672941265532,69.41080753745395,19.729998633954757
24,config_24,16393,7,10,956484.476937462,19.01015791976057,0.2272408210265862,-129.41155227515912,-152.19543195254067,29343503.432323653,10002.069222690585,346.02919431248904,107.2629829859376,-3.0816264085184266,15539666.253376031,6425.062867525503,45.73759645722319,52.269931037442845,-83.03303700451087,7110178.405963511,3664.404413817684,107.22607930679372,76.37946420231727,31.610842983753013
25,config_25,22488,19,19,1054362.1121873767,389.56679662581945,0.0337412404416991,-170.6496436203082,-161.50817002780562,29135355.81063884,10006.430699069082,107.29461265200445,174.44566817143112,-45.47904886371531,13115897.093130529,6995.855003412349,3.249057800663134,-43.13456213878632,-95.35234504630913,7674072.401164469,3415.8245051305125,13.794470343568692,68.15808678273797,15.238532248920054
26,config_26,55275,44,43,461511.3282393543,10.762292847076909,0.0069056858886125,-170.68281350800248,-181.6954710616575,28748653.53344571,16063.483305210442,350.9760088412624,173.26372647743494,-0.953751283181722,13989474.552225402,4745.522734145928,14.174362662316549,-38.981239329862255,-90.02564758349517,6690998.872338599,3335.820429027706,57.29388288010122,95.32729024329385,20.670885889731515
27,config_27,144366,71,51,71998.69033619434,13.660281348574438,0.0480039899031284,-179.99971862684694,-169.94462830250862,29341469.752479,11404.342134008602,351.3637415816719,179.99966787214865,-2.719020009751068,12740321.113709033,4620.586172485224,12.05567108051092,7.164989548590911,-83.99511972387522,6634311.456544267,3236.58037047498,29.297944996484212,95.36918743989403,18.74974462295979
28,config_0,79340,15,15,89374.16714295954,149.67513634561564,0.0078785063717081,-172.17727152395557,-170.67213919125055,28310691.789667018,11999.115918786993,105.81960330493776,127.9597178554984,-40.11168889108367,11977198.047627084,6695.956860290794,9.061019485788488,26.80966380205216,-88.61196174195108,7707709.628408098,3392.2891282258834,19.49432492757717,74.3378603993792,13.77479406782963
29,config_1,55209,36,34,210682.9990279402,9.96087808228532,0.0069126419735218,-170.70506045945007,-175.63165607434598,29345977.795577355,16064.1462284158,350.13710948683297,147.97543291653966,-5.8916264648687395,14328804.374012232,6281.385058021649,21.023714900866832,49.03931309304119,-89.320142666971,6974117.583979991,3840.1068027465944,68.81581715971724,96.85600519350872,19.605540985348465
30,config_2,205352,76,51,203650.2763279584,5.90512502548976,0.0069561264338176,-179.99321907030318,-170.18976464805544,29297861.633372623,11408.773375033794,353.45938067753553,179.99926659347574,2.7668432709207877,13460926.760646608,4118.913382922704,16.938192122965763,54.19725532311172,-85.46808526713808,6424332.658854769,3177.6082859596777,45.720098268773754,79.79770000653949,18.097311606527484
31,config_3,204678,62,51,350701.7165388236,21.84237207558168,0.0069040101465946,-179.99521333440168,-173.14141069057487,29349500.15709211,16068.874043754866,348.6104797311636,179.99585603850795,-4.156686305751181,13080719.302429548,5699.102914845271,15.68928234636813,61.29685545687002,-84.93021790448371,6832316.05431881,3608.702371035222,41.05359878782644,94.87248693301652,20.027363852133355
32,config_4,27165,36,37,561843.0516008954,14.98517848398501,0.0410053099589414,-178.1711520905004,-148.43151718038,28713948.045125477,9612.34278898503,348.47531481493684,176.84771680878706,-9.929794978583702,14631540.923541063,2264.0052469689113,10.856344817480036,-9.99428850703642,-91.52758610757544,5567237.568345917,1366.2496730711332,52.397435459576826,63.23482848004579,18.490706978472517
33,config_5,37915,4,6,1092683.8910886815,387.8636221703297,0.2451937872190809,-176.2041786437255,-146.06938546469854,27149893.872291885,9402.763059874553,106.39371971941652,38.207629968476134,-43.4976885389334,13211727.076914316,5207.472436493273,7.792586801857629,-51.72647326172389,-85.15774699799957,6260052.355333742,2260.3534960312054,23.59452014648346,63.933516971459184,15.32172581400227
34,config_6,172280,62,45,200379.7588450763,337.06085854043107,0.0283906190299047,-178.18058132168963,-158.48017966640631,29347057.66794701,10015.665286224335,215.07203194135192,179.67613300355416,-19.744530714354408,13232518.767186629,5576.440283400183,1.3117107145272249,10.952830333671663,-90.83793810196406,7352998.343449066,3028.502353882093,7.622343545192372,99.89188162414617,12.39669093147818
35,config_7,127401,39,33,350163.34499213006,149.95155396744022,0.008271691688754,-179.69283319082825,-169.97659328493882,28734418.884834506,11998.68144577323,53.37930649177304,178.78046723839262,-19.673043196805583,12046889.800421264,5917.640207212931,9.3291520913549,44.342075855580006,-84.72258230513278,8170876.634083008,3343.0312904987786,16.309601252315826,60.226675943372854,16.308585817431855
36,config_8,38080,15,19,65681.74533526385,9.470247682892802,0.0069260580371791,-179.05748936902927,-192.09346598861055,29323915.983680394,11979.631344035426,349.2527441162275,179.76369015926318,14.180465135465328,11641375.786178662,3491.978986774186,43.70754910427812,-1.6043239914040528,-72.88466553768812,6558700.407668641,3613.477710126812,75.55384667631655,86.97370073072909,27.680876080151936
37,config_9,14199,15,19,1150497.9297485687,425.9601378623131,0.0463502178384528,-133.6230393962553,-160.29046900246485,29496846.151482277,11978.823806911005,213.87358141343964,151.5548415625394,-34.12118410075626,10997799.69256794,5380.060803379635,3.1691579965146786,19.334431058615657,-88.16503801636117,6518746.267266033,3890.266598374166,14.732703749818851,95.09013095237376,18.649416146315954
38,config_10,25943,43,36,9725.868514789085,4.857349251798133,0.0280626539349719,-163.8984244954202,-176.46686588685023,28704080.34366921,11812.507101042624,354.7858371388003,170.02861481882042,3.938177928023226,15907780.981856763,4543.121792022715,65.86712313427874,-13.256294046978848,-75.23274058347157,6340463.314777781,3991.814011518883,120.55066284744449,87.57245455821943,37.12133331443902
39,config_11,103574,35,32,416929.43027970585,448.97499640537353,0.0392864960071631,-179.9999459479861,-155.0585580836567,28723026.65112905,11402.515347617851,210.81063973787468,179.9969921347247,-22.71392255911993,12515733.775327336,5445.247479270674,12.58697601197975,34.01401750786666,-93.00765537034712,6543542.526161485,3213.711431778978,30.03440375119006,88.14143913484193,13.91480267313586
40,config_12,1031,4,5,655348.9284192359,1219.5827816261583,0.2988148425199957,-126.39156247368464,-147.7994039478731,26099836.86425696,9501.147063294962,5.119643325811065,172.1457345117067,-24.118412912391307,16782978.6999112,3385.2432227079803,2.0223676571740556,143.0303467340478,-70.1857910983583,7411419.704503794,2074.941751401381,1.7292520156039202,33.27346913469292,30.798508313481957
41,config_13,149474,55,45,201008.2797345468,428.63341987975576,0.0355790189211627,-179.9162017888975,-153.45745551162415,29299770.90025197,11900.21831595809,107.832364123615,179.97877238949667,-30.16124612020185,14912831.656113448,6565.065101424379,4.949801529890072,70.20691356678459,-89.819120437308,6751777.140948549,2800.7452466934988,16.472995234456718,83.08907988043697,13.539226448036596
42,config_14,140529,47,42,350014.30202697613,23.61397316964355,0.0718475384043061,-179.9219654569349,-166.15223530486162,29268774.176387314,9518.705327962603,357.3491881743068,179.95554564964277,-6.53314884697275,15901646.255407136,2888.9677499254167,16.254457213657716,28.128415236674776,-85.54158473642761,7221878.1026849,1449.2047980842715,54.192115470025655,59.796288671626606,17.27625635502997
43,config_15,83566,10,11,2400075.676734222,22.294228248448448,0.1596058276963017,-120.95307668136516,-154.48541845821487,29204057.941334844,9403.30255161981,362.51294424605095,168.74830613562756,-7.838658398665517,16942853.60638121,2324.9305703543832,6.315374273449247,83.10055125691372,-81.42960970684283,7590870.779899221,1323.2900683019172,41.426265532001175,49.78948135195261,12.366384419491371
44,config_16,7769,11,12,1291884.4857714488,4.98477925298769,0.2690309242837441,-179.9798728034912,-161.8384884112249,28249378.597072147,11977.690394959523,347.5303433343269,179.91411430969015,15.623372183592693,12058554.62646905,2734.3412239929125,60.25366868226245,111.69278260064011,-72.8661017593515,5671238.099817931,1618.0360870813663,105.55827498983707,64.56198214817194,37.64785491335902
45,config_17,184484,67,46,238151.7946077403,20.35677530221003,0.0070038085085709,-179.91975176667836,-189.60656377859888,29299348.484242126,11996.298420760131,356.89530763467934,179.99280966303834,-0.9802534178866398,15545184.233597178,3367.893342751306,5.796002014887625,29.376734422671472,-89.64788056431617,7306656.248836013,2323.357933539497,31.771325167694837,87.42204981481783,13.617144259137236
46,config_18,27044,35,35,200863.96920158385,18.352521968629407,0.0290389090164848,-179.86996467838063,-166.26322731017157,29320785.36875084,10019.609948211411,347.19403267713074,179.98680152115347,17.708211289103726,15152341.402376411,5087.909417497224,12.256975258307028,-18.885803723925925,-90.80481704503568,7322853.913127619,3129.176284223824,45.905480285046174,105.53969374036755,24.61678527811721
47,config_19,73958,51,43,350306.26417458546,149.49159713683736,0.0318785264902161,-179.9632622400168,-171.3150494980115,29215433.4098921,10026.56488791774,104.49120257129248,179.98478626623304,-34.58210271721794,16009664.936060429,4279.549276822291,5.18990974191613,-38.18209618815984,-88.58636007947004,7773085.666001909,3674.625813651896,11.939895202215476,65.79909958460219,18.26493428263227
48,config_20,111016,37,31,350519.3256514821,149.51976511690305,0.0455272162423409,-179.9955987734382,-149.42976420549363,29252673.89508001,10011.735773187856,106.7564404839635,179.99970810364633,-22.580819105314905,15842452.05177215,3370.411447257722,18.51801422796567,-10.15871155882501,-82.1915875791435,7139801.480924027,2296.671825036181,24.766452254329373,89.47001661420622,16.723772485260383
49,config_21,62604,53,44,233668.6659778868,149.69335054580287,0.0313562331067945,-179.99005086590412,-165.44066886739597,29099559.239211623,9998.177619685162,211.7257529956015,179.99732022254693,-31.013235715874533,13227025.621959798,3776.434027214392,14.213210875343458,52.9757700954729,-82.98393591720857,6693242.005426061,3224.6179347975544,18.870502585638704,97.696258738005,19.934851539231516
50,config_22,135929,38,34,1150089.880240657,12.912149296660996,0.065909165784153,-168.88357286430042,-164.23670172883007,29272902.278371885,11992.630228378965,346.9495920408853,174.98873270193235,-7.488629402386072,13921949.419480417,3682.3382988163903,17.16702706239308,24.23420034044196,-83.34092456933455,6537026.809515353,2529.793026245931,40.281199508899554,100.72423783704151,18.07091267775324
51,config_23,32696,13,15,2178850.5321054766,24.40010019732328,0.3801762061042645,-161.2440802473986,-155.0476894361622,28698192.51450056,9589.493921004385,359.7296591244314,106.32581704420916,-6.022447344384373,16177300.446594778,2232.938560242926,51.147821644565376,22.5285726866231,-73.2857391013277,7393761.415472322,1596.0953783896257,75.53076374241158,76.05995587378315,22.6707582382991
52,config_24,15062,5,10,968177.0023649996,19.119215982383995,0.2290543506892277,-128.39784677337974,-154.39787970110098,27953780.279573157,10000.247210764388,340.3409885812146,100.80332432578028,-3.4445980243501007,13820188.041890278,7708.538876776741,16.55915960223507,71.23215538050042,-94.4872486855265,6867117.461182119,2957.879586434321,67.55870492661894,49.06609849352977,24.598625421325057
53,config_25,24206,17,19,362424.783232175,389.9395080923244,0.0283340192530399,-174.3107419667166,-155.9501989591987,29346397.765249252,10001.332567420312,105.29653260911716,177.1146719549049,-40.38228434360293,14896960.30420182,5648.072218080427,1.0905055017338126,-45.361977013435194,-96.4190581575944,6366549.713029902,3415.1173489259963,5.958627239675061,77.33430637176156,13.299286733667874
54,config_26,72825,43,43,350043.94767907576,419.9147185660737,0.0069088110893939,-171.56601380512217,-182.6061583713504,29127212.670231547,16069.819492911514,214.41286081205217,167.0688118929256,-30.409074123714557,11614377.433029257,5192.289609402821,6.290201522053139,-13.964230706846132,-90.76209982077567,6844943.420383684,3266.414320816201,16.87119203235503,95.34815306721556,15.513041061178193
55,config_27,145101,74,51,310260.8666010703,13.586956352137692,0.0069071975951539,-179.99926745925248,-183.62131478070864,29311117.591857016,16056.434368292274,352.7469373273521,179.9997869925671,-2.869450003025969,13641093.909595776,4939.442889418201,16.759467893233474,23.1566654315088,-82.93016473484917,6815478.16591287,3490.357479503218,52.12529365096416,89.33912142017198,23.30013003814795
56,config_28,275214,79,53,93061.61016362542,300.2896316070329,0.033409089597934,-179.9073038279326,-177.6523931638179,29293881.334751338,10010.225935750916,212.13321252101875,179.9425379354199,-21.373977626866488,13895074.949723613,3390.7199693924404,2.5942088287062743,6.409898678438309,-90.30648265165256,7619272.800181137,1627.9545262652266,9.838103976561602,124.44633590028506,10.05993488884264
57,config_29,107989,35,32,104045.26615462443,8.384664865525501,0.0279939469242097,-179.99783538045722,-169.67810953564964,29190204.239550702,11405.401334436672,362.0187520130664,179.9999589706855,1.4992501688841462,14025917.149024565,4565.9530466539345,29.06550142959661,18.933021721303117,-82.53331656836978,5426240.523801907,2643.7228065492914,61.91608428156865,86.9802503730226,19.549353449727366
58,config_30,38141,9,11,417818.06733714207,1199.0578918511255,0.1648423072004919,-77.95997922242287,-149.67065475036233,28742690.88721625,11404.15105476056,2.1263638512594523,161.59477706278474,-49.011085454462304,14447388.292581664,2728.98718179425,0.2853260437838985,102.6910427350806,-91.2826937323132,7368587.372691818,559.649043293219,0.2938608541145607,25.048884043851185,6.230496715341689
59,config_31,55304,32,33,350267.80587086134,149.93802588621162,0.1870246651033283,-179.94963290326183,-180.93330317181912,28549917.29421692,11403.988409064928,106.00547836302432,179.89588137500192,-17.604602867168605,11507717.5248266,5189.977052181587,9.083097840910115,-10.3682450133068,-85.76110767372083,6787488.767194292,3152.610693735325,16.49521073200084,79.59194232495935,21.086638751782385
60,config_32,116204,69,48,114545.69486789418,13.376491149878223,0.0074052460844948,-179.8114726544707,-178.27912891081024,29008888.930723146,11986.093848291655,339.98618430129574,179.74310978691682,-8.678005162058511,14534891.10154654,3886.105822668096,17.093346879327132,18.413196200015907,-83.23786225354415,6772331.216642409,3023.3287260251077,35.2604730824894,98.37586883028769,20.155723585582404
61,config_33,78434,25,31,1054720.0125049856,149.86126798476934,0.0296691153431221,-178.1166235808895,-177.3857902974817,29443543.694676235,11996.45184232111,207.2545619735225,175.41732197618663,-22.56954940032492,15414857.661792742,4552.798339369597,13.518517303963227,-45.410401322729214,-82.71793793826568,6967378.478430466,3222.362469914758,19.108825994706088,90.8556760010219,17.875009410851437
62,config_34,48564,20,24,421179.6693435685,1219.4388592862942,0.060397058596402,-66.32435693690559,-149.3019584561836,29297309.965912048,9508.509880191656,107.73123040419716,164.64006873895227,-35.17567908129985,16714833.540066466,4301.130865400019,13.876119207330737,70.70575049746468,-88.69815211373042,7534053.609562459,2285.9826469476116,24.52353736321822,51.50385312124354,13.643343042107436
63,config_35,111780,48,38,650339.5568335912,8.592513761556729,0.0310094173048158,-179.93455329117583,-171.90372608916786,29347970.4196997,11407.411882738434,364.9706855593712,179.90346484291172,0.5296919389677388,16041220.018420223,3012.31850064604,12.951459221336918,9.684870856673994,-89.10720168378593,6733321.807228404,2459.03280843387,39.947627567394726,68.69502447392485,14.110954321109924
64,config_36,119236,70,48,352003.7506241978,438.91951962363055,0.0073336672335593,-179.97815075041308,-177.8297884113609,29299683.627295382,11996.329289554902,212.07288434500143,179.995857955119,-21.51135851551339,11937766.289424378,4160.790998227512,8.778648436739342,12.552520726637264,-86.36253025265151,6847210.191666828,2501.1879582497095,22.513455082411188,109.90123088098052,16.099425694935316
65,config_37,93432,56,46,453764.90603688225,13.158437827233714,0.0447151730639725,-179.9996173977536,-170.2254428933026,28746778.523870777,11942.308380475895,352.29272951143605,179.99966831057154,-6.8644573357886625,13704429.420783447,3915.083614510387,22.238776279271804,-4.974187847446221,-85.00110888926524,6916929.210493781,2158.9653080705884,57.850148519870174,95.44978042827806,18.918512754118893
66,config_38,124105,44,38,702603.4496456564,5.968454881596699,0.0711267412231254,-179.99728119360185,-181.67414407956483,29299615.748784333,10023.057168336692,348.20543156221976,179.99915629783044,-13.686208227591848,13520337.073690226,4213.136359540274,20.05455884859235,18.707025966166253,-85.15009874252264,7045744.186406136,2559.5506144335363,33.08713090835353,100.8808002796652,16.21821226306075
67,config_39,84677,62,54,114319.493787734,8.505152826108,0.0260640000512156,-179.9979578663421,-163.11716118438036,29488679.461774103,11404.084512678308,350.11641361954287,179.99985703359286,3.304104638674333,13218662.076092089,5034.630855405168,27.551353467778764,2.4664514082460007,-85.92531971425194,6968659.008616088,3518.7818342280634,78.55765661761531,109.71219875804938,26.095347224641923
68,config_40,85151,45,40,351369.44150627096,5.606975878180061,0.0475761350617906,-175.1460040411119,-168.13897767854806,29199803.393952888,11991.779094078798,349.47714142788186,171.67386457328794,4.3097976515170755,11779083.725723926,4938.824777551716,18.01919967612439,-52.908586053942464,-85.46061291907297,5753169.102598942,3182.0651334223676,52.32617432807183,99.4466261696886,19.622704882727056
69,config_41,134309,19,20,350163.4878855753,15.471533269962,0.1847066083677892,-179.96756900326054,-169.12412524392542,28549766.572598208,10033.042396645216,347.32439112326824,179.91316506999232,1.0348121277870517,9382927.247808054,7678.088782978069,8.124944140189315,33.44608647109799,-87.41978103857495,7055568.932470128,2529.797615970884,34.42708526820928,89.5398140309836,12.298159103609477
70,config_42,109584,39,37,652774.6576271852,1269.494942097409,0.0399779339835041,-179.04287805846894,-159.03764965599126,29246927.7490776,10010.817755768554,106.82713527752158,172.17116166785448,-33.74834299343901,14555184.9465094,5042.531385556966,7.068049945955878,78.10123196211308,-90.53169949339878,6891076.576783583,3001.0606313547364,22.719524774821707,95.70855254799002,12.556519794977694
71,config_43,18596,7,11,1912021.6113385092,1320.9094801300912,0.007078176075165,-179.9440598097594,-173.8094811840502,29122043.520598125,16036.695088972634,112.50352714201956,179.98606638920583,-43.65144935363384,13636039.330209352,3374.218151515065,32.85052383400841,-60.77646516776639,-87.92532037349197,6923333.73652144,685.662246839894,41.67800280930458,46.14048216226277,13.311635207423384
72,config_44,1638,9,10,2369665.214390993,433.7717229962357,0.4755294102490305,-177.2598395254142,-148.214194281438,28734280.74800511,9508.871576645286,16.94029503657816,137.03018243464444,-22.613131825357133,14605893.10118153,3251.997630365646,4.446906282736191,29.165627083843624,-88.72486557628386,7052835.827012244,3351.4379848731655,4.099817573207047,97.17701184425704,25.26439848728895
73,config_45,1643,5,6,2350454.3610988786,1287.383511906521,0.0363698750291346,-136.30077300204275,-147.15860060092578,28749789.08044866,9383.29478835669,105.839681681836,146.2165243862981,-69.75765367279872,17092337.45794697,1996.9628649191984,4.84593232995813,104.81546653687764,-98.19866242123138,8750954.878512245,1594.8214889835135,19.740424027862836,79.40659613108579,10.188575784644716
74,config_46,53183,20,21,2500190.668294056,22.37497436010857,0.029720399057104,-108.3924442240034,-158.3531064062899,28741557.447449263,9512.916663194672,357.3613938106177,160.74155724382015,-17.76330820912432,12393133.919629917,3632.4915822146577,46.63826940798554,30.188211804696262,-77.52656642784945,6854915.651586758,1651.581853840995,66.81774999704612,82.55095795093375,16.458149883270796
75,config_47,76861,19,24,350009.62384444743,149.69165820942604,0.0383332830856954,-173.1845223305617,-151.29862138250627,28549848.889447883,10011.826405027745,107.70983402935626,131.9286977586471,-17.398221825933316,12613481.010916376,3235.1601574133465,27.09468907655364,21.01925047237371,-78.9656433442998,7032531.520031126,1395.0340154046537,33.839474560077406,90.83622545080372,14.352921951215544
76,config_48,76106,45,40,290406.9701889733,149.79272954695102,0.0382865930129638,-147.68814360748183,-163.7273486484375,29297440.92521587,11962.779363713276,216.79504258251663,178.29536475230196,-6.06964753139261,14773744.181273554,5383.8828449553175,3.064518828118167,-8.462028051797986,-93.39686676775652,7255000.195195979,3355.2148063367695,13.706224057957336,74.38493519462656,18.650770307995337
77,config_49,88997,41,42,672736.444623982,13.694127111453684,0.0081601673071137,-170.32667877542573,-175.60975377232097,29261668.234416068,11982.924681868642,353.47015176432126,179.63353923097876,-1.7152825212385066,14260190.607664676,4219.363789817887,16.084919727682,-12.255824588569649,-86.67355868792848,6135409.931783179,2821.916887432978,55.60030754651537,99.88276063156655,20.62459277996905
78,config_50,67584,20,21,500010.35607544234,20.69654456063588,0.0406307038694326,-140.49036694405865,-155.5865729415004,28699882.684961673,9513.488022047171,345.5381537682538,148.4801411497516,-9.447378490610236,15540800.936619949,4510.934073319068,5.781279458821572,65.9512824444396,-89.05467966950691,7982958.826440589,1189.7593856979463,36.466812302103506,48.12042797955725,15.673484235147896
79,config_51,28831,30,30,358256.26512381167,10.04026870887294,0.045725863556131,-153.7596116993097,-164.34149094857776,29353265.664466664,11989.654798006606,352.01613674187814,157.47038885142993,4.130520473057764,17260053.226971935,3441.3269344270766,18.973122039816896,47.328876843838,-89.98378973385755,7258368.078183109,2482.473595887676,69.73936389768711,77.36228625999665,23.885187820361647
80,config_52,13967,17,20,703147.239912383,1219.6158864287895,0.0460022090850434,-174.96889456768957,-155.41825747427603,26588381.04340726,11401.585727071671,52.50515755855589,170.00456502324326,-37.35569431183544,11218265.05601964,5133.272599347428,12.157283900503373,-11.166386661187202,-87.80247392144237,6352137.471942589,2779.489802718842,18.75286498001058,54.656726707526126,12.848811479103214
81,config_53,31335,15,16,1058694.60611899,18.978172097319785,0.4085874110230788,-179.97187225034995,-155.90817796313542,29270695.07725755,10009.37779993786,346.72380794757834,179.999056589456,-8.769431786073731,16346082.79584308,6818.399199682356,18.03309004116405,78.91893476983097,-90.6155851288874,6410154.380750222,3305.768398476145,60.0762199076104,98.2081635732186,18.60699955608804
82,config_54,88942,36,40,178523.83205663893,337.2362900586182,0.0291820124037376,-179.92561117992298,-166.1191114632953,29057592.181233075,11988.16849251997,107.95494301937065,179.99507256204146,-32.37929942906041,15376019.909078805,3553.4962766991734,9.71717663618494,-88.94392315896279,-90.1566507110586,6770052.678381403,2300.537850564129,26.403136570359163,97.3233130781094,10.9802698536143
83,config_55,131030,38,35,250015.86839698808,149.63459961246735,0.0077835453165062,-179.3157531938253,-173.18127488848705,29343829.67829279,11996.10497037318,107.53796891019114,177.32068244648798,-18.72922584643743,11026880.222959552,3550.0009238945045,15.302676402911894,80.75939487007905,-78.06248108625911,7427042.269825865,2710.652515866709,26.241455287214812,80.20599026543698,16.67180743188254
84,config_56,10707,31,31,365006.5104240318,350.24617731965594,0.0069401407556753,-167.20182473820424,-176.72068475223156,29298101.60652661,16057.340530269672,104.99644545712566,163.45373090207275,-29.38369949634759,13452585.156018851,5446.861392801098,3.5213895479330968,25.33916267860168,-89.11826164856468,6183819.7728895,3745.251617035104,12.131286083769924,94.791585183676,26.410153757044
85,config_57,55384,50,40,703681.3130935812,10.47821525136974,0.1878052333087341,-179.99977978805464,-165.63118609605144,29447236.269952044,11999.785944628928,351.24035867876967,179.996753641724,-3.60503042894036,15913436.2732836,5067.598327239622,22.338709311060597,43.369878762087126,-85.30228389525807,7457308.24390161,3058.689481113648,59.19830569578052,116.73350389534366,21.912376505206108
86,config_58,42759,28,24,619222.2403223525,21.687282129599684,0.1084349660136944,-179.99876360096513,-169.98049993485918,29294953.62368402,11402.340543759752,349.46650342323954,179.61417011855582,-10.9380937455563,13355746.811226685,3848.3021559429326,18.26266983375488,-53.44872598371659,-87.56491314066908,6479432.48639234,1649.9545243044702,69.00343226570116,110.40120265031008,20.018652295410057
87,config_59,139948,68,54,200336.91123914716,13.33343291658723,0.0069415021022226,-179.99974058378788,-168.78148649016524,28747232.262189023,11999.242797642211,363.1573925259505,179.99975883029535,-4.175961529464738,13291178.539126458,3468.1526256196885,27.798810692247148,-9.34978515644146,-80.71606038175509,7206755.282458029,1808.801516723266,40.927769427061754,116.71920256247624,16.619552687852888
88,config_60,87436,51,40,153453.43837587515,14.255742544124438,0.0363150841309329,-179.98932512094538,-182.01827729763497,29307871.35884113,11406.381275344567,348.02897760621164,179.99459193683282,-5.613111786489386,12685344.997291584,6132.73791147917,9.04665947798175,-25.863918247601383,-89.73400509342665,7416723.333372206,2801.7214140172337,38.27002961070061,94.7385466028757,16.735019731096145
89,config_61,128330,54,49,8399.582071514405,9.419142981040835,0.1347645049746769,-171.62126268940784,-154.75876000236482,29386823.231466744,11963.636987250187,347.7700457223843,178.03009357208265,-6.134266839042386,14090895.745823218,3836.51925624285,29.790182151036113,4.532172480366605,-81.19656046688338,7434086.444647443,3100.078804093592,53.469042743117974,90.34336004878044,20.332925697947307
90,config_62,92086,55,40,1060490.0150481886,17.187571197520512,0.0463418213790806,-179.9817901677143,-177.03084237096292,29327400.1437553,12003.548029200483,349.52196262502196,179.94924681570555,-8.262696083779533,15412693.22242166,5133.772645984386,10.200200989419963,28.0940018385842,-87.13144471914909,6673777.177420124,3241.8472623792045,42.31285538633562,91.75778212195172,19.54330749280519
91,config_63,69323,46,42,426464.77669162425,20.07385007221856,0.007177849604565,-179.73740319623747,-178.362375474703,29104812.020159148,11969.007102473308,341.60115225723695,179.83877629233643,-8.823402443053933,13907102.534601431,3464.957332792055,19.49207522936242,14.361682172247416,-79.87333118900546,6372032.141435739,3183.997821907469,41.141277023501864,113.26284275880953,22.318037193008664
92,config_64,69715,64,52,1263674.0134952452,10.483146049130328,0.0431009088138466,-179.76502441531366,-168.2079365781907,29188229.583991155,12000.427364687264,358.1839020783813,179.84079678802155,-0.6267066308090783,15376295.915418526,3875.437982992228,14.594411302952322,19.485968698327593,-84.06346932243086,6218920.544104545,2847.4223791420027,49.17399690223588,107.08827095255934,20.75535215277354
93,config_65,11394,16,19,715069.1102729589,1282.4946787958531,0.0086420792499405,-171.5039521508215,-165.80016672074098,28744307.86215563,11973.04103486544,52.43905101072173,137.21299344270722,-38.147078977411766,9582433.621462597,4426.473043652337,13.201393364068572,58.70691720302285,-87.52008526742611,5426790.911178314,2215.2142774882304,19.02251063600967,51.9859581865152,14.696125998408482
94,config_66,37990,39,33,350946.5250251352,17.123007066191995,0.0295517628826369,-179.9774775731099,-176.79580560436318,29219943.293854225,9998.624891673682,350.91315242768337,179.99843115749,7.088683516511633,16740336.581978211,3957.5583199678777,32.60722814754682,-14.137420287287506,-85.38717835358328,8099367.377127739,2223.770914031524,63.586142356460506,73.80463627618089,22.433942512908427
95,config_67,190749,60,49,1000387.0592838344,149.61485650666464,0.0307075210858948,-179.63580581141315,-157.6325948830495,29497910.218771912,12001.455274184977,107.34222192603784,179.92162058261118,-32.387151824305235,14342511.145220576,3188.1235916805276,8.844617546630268,-3.2016168691615814,-85.70424799092197,6025448.144293173,2043.1302677384276,20.740707393368456,89.93628696388096,14.187694484325917
96,config_68,27917,25,24,474857.5969494192,13.87309616832567,0.0313814542573274,-179.8447637472995,-157.46337445608302,29298711.11923303,9987.458028487395,356.2178341773693,179.9603357664542,7.074005250371648,17536656.769658208,4868.76322625552,44.36526725874159,-1.938633088921946,-81.41362286345606,6170132.750642885,3375.398600941155,96.65598436742204,79.64734782234886,31.512775010055407
97,config_69,150650,61,50,402567.9746887449,14.208963720288374,0.0382742745505306,-179.99937770773093,-166.17547286681238,28717505.92106313,12001.31273455616,352.6912055977999,179.9999736084366,-4.779880651966711,13468454.471512774,4619.978323254183,11.079514837835957,32.78454253815427,-88.51676894326847,6644830.555663475,2726.4025157954507,36.17361466882729,99.86575846613528,15.330257623750017
98,config_70,139573,44,41,273841.9137343037,24.163313059224325,0.0335686919913585,-179.98795633483533,-171.6048590330922,29299891.94083104,10009.051001359703,355.9673676930148,179.96744760772816,-8.010550462924012,14527749.836258532,3516.335941969068,9.754843826967528,-41.033827115903,-85.14119492617706,8332746.123396685,3330.491808937752,35.96933277119486,112.82705437688084,16.20982260072267
99,config_71,58035,27,28,201294.56550310936,1219.6222249511288,0.1457852816321203,-166.9280404943059,-174.74620562248165,29199880.973748356,11403.510568425614,109.91736728684936,156.09482486464478,-37.84121551796447,13289504.699363137,7949.394530259397,2.1389066089509816,32.7437457793835,-94.49330577299548,6618545.105306176,2301.0314775554143,8.555800105614008,75.5549527318377,11.104759657146897
100,config_72,132869,50,40,703443.3222434586,149.94717032492602,0.0293091616772575,-179.99741451861766,-167.39571914671063,29288516.787697945,11402.876137180314,222.16990970404015,179.9971220335891,-17.47401848007784,17047821.988019247,3863.321133336218,4.460784147726015,-30.31483868833344,-85.32947247126341,7383650.689210626,2876.6400090300226,12.637592423912196,88.54050048995977,15.059219768056952
101,config_73,83804,49,38,350542.08868607826,13.82967885163722,0.0300559275815965,-177.9791137986612,-162.8046093571769,29192222.06442512,9974.600916036572,358.8521341960512,179.98545713725363,-0.7333386798590369,15183128.181147916,3686.326659216193,7.521669618329446,57.19628076331277,-88.84785578031766,6576166.191938655,2398.666137647786,34.463750124520864,54.64606542340319,14.378210821604869
102,config_74,156511,51,49,261950.76005127683,17.96513457347026,0.006921194970689,-173.58459356467858,-169.3752699936953,29299111.961798903,11972.906988634471,339.15564484907185,179.96441110487137,-5.816274444284838,13463992.313371306,7314.266750619612,5.187438612599192,-44.15382993713616,-87.32004569614999,6664588.63727538,3142.3144790108613,20.91260506845138,74.88543832957883,14.239455946879376
103,config_75,84568,35,39,112310.87181994044,341.50584285426186,0.0506180202281741,-176.80458966503107,-161.5577028903605,29014394.924391575,10030.1416600084,208.34048957693085,173.55433064906197,-35.73361009906728,14162198.604019571,4774.205412190429,0.88689391799709,-6.065307382467741,-93.40575522467674,7464276.073837009,2789.620665146117,5.523775383364091,84.91781031475603,10.016388673662869
104,config_76,16401,7,8,560153.2542511453,1274.4956145537778,0.1859890465574443,55.03002393686302,-158.7843131768009,29248304.20344982,10027.206889669313,5.2595255700637304,166.52257156494653,-63.446608327436486,18392514.7975132,8996.84236782787,0.5188270096808448,105.93429552732816,-96.07955555308637,4733303.942127958,1555.5882287923432,0.3222755575817123,16.92021847873265,15.82298491298382
105,config_77,111089,42,39,422129.1166679596,149.56542634510495,0.0069477798944266,-179.37701085836645,-189.96357312631983,28540728.742273618,16052.290393548885,107.84996723874438,176.99508593558093,-11.666435740570009,13097571.45388032,6068.788723364504,5.291919294986397,73.08254633653809,-90.7502880443636,5985978.466488555,3396.0206541230236,16.204120970570507,74.73632044391408,14.098977426205431
106,config_78,30594,19,20,700083.9243008827,428.204575394263,0.0073209955926533,-163.59500284753796,-175.5840955323619,29175147.898884233,11973.532968734133,52.71768095372151,148.4091608157117,-37.18850026729387,16823107.96126767,5360.863739248651,6.5451065821580965,8.920540247849113,-89.57463106161912,8069732.474510921,3006.18491201677,14.254076226056148,92.51023673586516,14.66496820443122
107,config_79,883,1,1,2251120.562769063,1219.5149452226192,0.9699816290264666,-26.34445982775708,-120.00463162577954,23949377.253707603,1280.4788677039198,5.112200545710205,-22.80288134321205,-60.393653759236514,12057654.860317929,1247.317390634465,3.0331557418381134,-24.532235146741986,-81.0648215527956,6291144.575261574,18.82971682605563,1.9993778141662424,0.555552312987266,7.788222814163877
108,config_80,54151,39,39,296297.0619824537,5.205551197017917,0.0074521104793348,-179.99822937955375,-169.2116950818253,29263537.943818424,11199.020847054771,358.3960254357671,179.99794066585727,0.4322874788762663,14025862.063321617,4445.801718962694,17.550464929766193,49.80645427589069,-89.2788225486256,7115127.9315292975,3187.521430691093,59.71922678874353,108.95211963522613,21.64114294555946
109,config_81,174681,54,43,350279.890575616,404.53184263371065,0.0085534463675529,-179.98101658463392,-173.4732427540014,29197506.858478647,11939.466404097042,214.20909237379695,179.9839139135665,-32.57861077906968,13587960.98544664,5778.493312855322,9.650021970782763,24.913638673749173,-90.3386320704752,7806135.105643711,3183.752560256062,26.539819217067784,114.70146877463856,13.46096679613935
110,config_82,70822,40,35,351837.7964201799,149.61647513576185,0.0069355050614997,-179.99836958435046,-180.04791489086833,29214402.65857396,10990.325538803188,106.03308465102536,179.99703694366556,-29.61491573950019,15399651.133462736,5941.464423514078,8.77330362958649,-17.95858332273455,-91.433443165865,5865310.644617924,3535.781871552039,18.071515033215935,129.95280195729143,18.455097251493218
111,config_83,34301,37,32,300603.9160970549,1269.0280078056094,0.0687800753100152,-179.99858995324212,-166.7313115117178,29433904.27862687,11399.648582168556,107.32202643233524,179.98527517478414,-31.651096138063615,13730302.281793844,4985.838851428079,6.91162058335986,14.578293131114249,-92.31009823582087,6976157.958987623,2787.659915417981,16.782369487308017,67.74718391807265,15.501362622237403
112,config_85,18767,11,13,422516.9393637252,149.60063267768015,0.1720551648316627,-150.61947280155002,-151.19385414587492,29344240.92043309,11996.473181424211,213.07768853850297,124.05155839232866,-34.42074444895189,11181659.117382072,4157.539926508251,14.892406152917363,14.705331870073875,-79.58604946236557,6109450.654470845,4460.940446332853,21.484632369881993,64.90348676926807,20.9830442233925
113,config_86,55354,19,21,600077.5788438233,8.893644503242497,0.02603802606384,-175.036611582256,-160.62397764828296,28449860.510832097,9420.958721762485,347.4531603109159,141.13044973257473,-2.501442373518332,18873226.546155907,3093.61790664357,11.3757412293146,45.72308334636637,-89.68325934718213,6828106.594398184,1277.6857802583286,56.04420740561781,70.52076976860486,17.00498436132373
114,config_87,81647,39,39,406650.55403356417,7.014283845626056,0.0071970141775873,-179.99541747793197,-171.71533644161033,29540567.73988896,11999.5976570956,345.4151630979218,179.99043739313416,-2.20310050876076,14523054.517367352,5165.116814855946,8.197489046321456,13.849269393238377,-88.40739611982194,7308337.492041307,2700.820368962405,37.72174545018783,92.61219509569456,17.40461827917303
115,config_88,83913,43,42,700171.628496196,149.58725810899787,0.160169695231404,-179.99859301605247,-168.0132297003036,29011532.67201569,10019.33008797751,108.4358480168519,179.99973543711604,-24.956733569879717,14740114.732932236,2745.4750285025557,17.513861919762086,27.770851719993903,-82.5160720451049,6247421.874129471,1739.667497485256,29.738587884627684,105.48728132493362,15.861667827944792
116,config_89,608,1,1,11903629.9329163,9493.083354982133,0.4749113639390331,47.65202039352278,-149.5621529420438,29207220.197538868,10010.210245544791,2.083270680252151,64.98362724552011,-73.1102910640822,18949590.9547154,9744.49386357633,1.1575674374240308,58.62201629856412,-104.0788831288804,3360263.47547138,165.37148882844394,0.6310478072561829,2.8857086340277296,17.555484456209214
117,config_90,146315,60,44,350561.6545855705,305.3118477156704,0.0335275207966635,-177.68242266292438,-173.472435288482,29334117.917614523,10012.809689113768,109.88286753518148,176.13567580195783,-22.670083946624754,12089714.45798099,6377.495795258199,5.536890782748535,-54.46568493621156,-89.73029628710464,6972573.793432654,2730.196063036623,19.11892613828945,76.93852365896299,10.184239114288165
118,config_91,80966,51,40,485209.92865396576,15.18419821011946,0.0072299350288736,-179.9446713466524,-169.82313230402806,29229722.735972643,11997.344431678284,362.1744022302139,179.88256468816087,-4.480092558381195,15225407.460587494,3730.072418785782,22.83740893464423,-3.0280179014868,-80.32580180304184,5735087.464503784,2832.357631822237,66.80571482708397,64.10687646138445,24.331338671197383
119,config_92,81701,65,49,379330.1990887254,9.913666867005013,0.0071216098708602,-179.9086635215315,-179.29473645656648,29347929.105531126,16040.309008450502,346.27539290288706,179.98384267231867,-1.657784668446789,14046620.85649247,4317.468910417359,17.95325507054723,-18.99654696708172,-84.46976435563424,6739188.1167023955,3407.441566341881,49.93888844841924,90.2152776266378,20.43236991238986
120,config_93,80558,33,32,654142.7432904682,1015.96849112231,0.2847729487006997,-179.885426284627,-165.9730429017754,29299890.97623287,12002.2431497925,107.54279167728627,179.95959543923894,-31.155297050037607,14366738.716763329,5461.731013726529,18.074923919767336,70.32514206990548,-87.31769560244483,7915070.407510395,2673.925471810677,34.4009436764943,86.90706574000956,14.28016070325574
121,config_94,62666,28,30,300004.98105706356,1219.6456223615378,0.0489020472805768,-179.69426658525364,-155.8772663964309,28779384.575957045,11403.154316080168,108.8281711876013,179.22641230696536,-38.88835166597012,16086039.419047162,3857.10016973273,5.164423550553651,-14.409908783364129,-92.01494417981688,6755754.996633162,2009.1890717635067,18.622620280135852,104.29712028953506,12.30951869887734
122,config_95,54169,44,38,351670.4782197858,149.57994814165724,0.053722285846792,-170.45604844186747,-168.48461538370734,29297251.87631681,10033.89658259636,218.4356081925327,177.6799211176604,-32.25440175382383,16865741.96839937,4255.540873076716,8.803745246826281,25.155484477494937,-83.65051343028195,7119957.0582421115,3194.428143772138,18.47026266390553,68.9320537385628,18.337908900062796
123,config_96,152682,36,53,738950.2711466948,149.1898049543638,0.064904600364362,-151.1955941794648,-159.29007325425022,29297685.029526915,9606.32865928358,210.8770220994224,156.48925592983636,-13.787370036107376,15592605.188362982,4744.529808561262,6.637402749202067,32.08017582757094,-83.103682214811,6947823.413039414,3265.183834823789,13.71181895590676,72.29256920978635,17.222215902992826
124,config_97,128711,53,42,351447.4922828995,14.538710735807427,0.0478881547734745,-179.96249694772044,-174.5617189967354,29094840.673918065,12000.493084024529,350.7336027569207,179.96908690887165,-3.083886939669486,12371357.966086747,6404.8774824145385,10.567172504505155,41.22540168825055,-87.23639597335269,7502547.3974130945,2931.7771998575167,49.98346755855197,74.9334486018668,17.891714576441156
125,config_98,77082,57,45,652414.5437505062,15.938257360188151,0.0085047870369103,-170.92176255221543,-182.82028076454625,29287524.856399626,11998.385850554869,340.86632862378923,157.3978785977473,-12.666446494830952,14444148.853822192,5870.471593643294,11.87968790022756,-10.256985839068165,-83.96940984350582,6184691.027037303,3581.797865873557,32.68845355431784,99.33810543403187,23.93150158312191
126,config_99,24097,24,24,661111.6582663172,444.852433856144,0.226860196126566,-134.51664034944028,-172.3992304429421,29219356.18546116,9981.709855419174,210.292264278966,151.69904254748707,-47.913413944586544,15398191.592512436,7541.128035078671,2.576016542827288,-15.61386876966247,-93.86761343070856,5755917.243475312,2750.3272343072204,13.575768090918826,69.97304452939755,14.522977719814254
127,config_100,71331,24,27,470911.5384732033,150.10180973227136,0.0435428483848898,-178.12110836376485,-152.9853828365917,29045299.24560034,9512.555583120178,217.2206225462298,163.91039956732783,-34.37296821128416,14715991.382495878,4654.8479166500365,22.08913890192088,3.447330473891572,-83.8504191173692,6811945.381736756,3089.612483927859,36.272124378596374,81.00196192539319,15.576215404508414
128,config_101,98402,51,43,301006.1826773977,1098.4371325605737,0.0469695200480565,-179.97701324581072,-177.82863630189817,29301660.68626854,11953.120046695143,217.4595374888528,179.9049394042559,-44.36877974576554,11363277.710368924,7678.382800197831,4.802167129393369,85.2813615275614,-92.30471585378729,6273142.5670806,2568.139777780307,18.400382026469245,103.95400459180296,11.590478592744924
129,config_102,134807,58,47,201828.5689827768,12.094525093927455,0.0342874100271721,-160.44759542510292,-157.5363753653869,29473749.17218912,11407.099462781443,360.13722941310493,174.2120097522423,3.0787168531797655,16669411.638572143,6581.819810691901,15.12368404039644,-7.680648497172758,-91.29449760246892,6890194.668940113,3082.8174403692788,50.42142623957718,84.67622688272743,18.09217259389782
130,config_104,142722,65,48,579599.6069430625,149.33563399864357,0.0307325982902225,-179.98769231618883,-163.43568121809048,28795894.285937168,11403.58625653234,106.00876420413994,179.99043434948544,-10.460898241588026,14279153.90799375,3786.6980889588,5.117107247841622,25.35249757051025,-85.88470636850033,5441036.182326226,2994.837535368038,11.972313315248892,80.15844074245692,16.06799178995511
131,config_105,115223,25,30,1001592.4012401012,24.76720671786695,0.0075317552706789,-179.38178934806402,-171.9120259280767,29268136.43693398,11989.437907595462,346.9599126586727,178.73355530359206,-13.526229561444426,13419385.407128822,5824.222942794677,19.064878761291578,-14.078972088789463,-86.04177326336516,7555157.241383931,2851.7095362518194,40.01020896802538,116.8557861211248,14.649583035532928
132,config_106,73584,21,24,707268.2364985714,149.69679020778835,0.0268790507275782,-178.9031870825596,-163.75969410103747,29299289.994052783,11402.354368926495,205.74699884717347,179.7835457977468,-21.03867820362046,12570428.58551428,7389.760944409237,5.016842696211757,2.3062260718177936,-91.1496313486689,7545052.664821069,3327.2369860575445,11.927858311761344,43.68485183581557,16.29992692048444
133,config_107,134244,51,38,350305.8823815381,150.25929819409882,0.0073971211807071,-179.99648299292025,-192.7692866574069,29299901.736099273,11998.969426478625,107.6355958064146,179.95066395193987,-21.37243307900337,13372153.16677388,5423.048470096869,12.014762389484758,40.49575166468507,-83.62150264024098,7657744.92659792,2714.8242373226676,28.071200561219385,83.06887592166241,15.191293578287707
134,config_108,749,4,8,2150164.290217285,448.9894800416537,0.4866498686365462,-98.763725331535,-146.80158904020655,28142165.36155217,9606.576381153523,20.242829490313227,94.85529136498914,-28.341791298203848,14598422.377060607,1748.2039747927288,3.334811314269434,15.396110431762713,-78.48519991776122,8492127.465607483,1905.8775343554305,2.909113185292286,58.33008870643208,22.088703947254125
135,config_109,50068,21,28,350287.5794398247,329.852897316133,0.0424957360907129,-179.9862560197327,-157.11611105322126,29150734.927325897,9424.889299084763,108.07636262402868,179.9674159006199,-21.485127592642662,12703207.350274514,4889.765139381049,23.003059601420325,32.72689846379582,-87.62679444797885,8581037.52665281,2855.385072871645,37.7857406284652,93.36227013220709,13.895131492024673
136,config_110,124112,46,41,134868.178193016,149.6448227938984,0.0069060981134741,-179.99955081555913,-184.5428203167029,29194880.55013709,16054.400315426004,105.9842024359067,179.99339432402346,-25.54854661088497,10745670.45861546,7056.475771513107,6.342541953357436,-66.02280053002768,-89.34638949396384,6374294.0177985765,3045.039928035355,15.017093839069704,112.6163405788626,13.390628382120145
137,config_111,519,2,2,4682387.139469869,2797.9989148544173,1.3967646641780265,-29.61597806804872,-115.08321679607556,22087174.83956572,3304.8557018132674,4.741421464878354,121.28731719064172,-57.32363980542606,14740527.076088456,3005.414058602521,2.0376732261803556,63.648306867794055,-90.76582383313786,5788211.090568215,190.31199226545323,1.1313868022735751,67.93295986340195,9.592878357561112
138,config_112,190157,72,55,357286.37816268345,432.49342403081226,0.0443506688272475,-176.46781439140003,-165.47383686912175,29295947.934022184,11405.007239780303,108.2880785439549,179.76199444235235,-32.63449386275735,11203508.940725558,6986.861790477634,4.507834652481749,-46.48578985651138,-88.76339723239866,6604601.165104926,2787.195649381573,14.6478534768575,92.3604493451682,10.339697245785638
139,config_113,22335,6,7,3196539.4748329576,149.94828784188948,0.1160316537132103,-179.81374342323878,-170.3077000191231,29135643.41455181,10010.999219674257,52.589661185657775,179.9450375684359,-15.16920700636138,16656749.84896114,1926.8307907570183,18.723370893187813,69.88491074566984,-64.44761616832992,6974040.694391816,3024.273602233373,13.717887629978414,48.660408266157866,24.884862687559693
140,config_114,216761,66,51,2203.3501344937094,13.23173164847867,0.0403053256572019,-179.9993791050914,-165.64766681592232,30143756.080831755,11977.009242460714,353.09841248993274,179.9961331700122,-1.1290536045091586,14314800.370272083,5744.829213696767,9.116180187049858,27.399460423477684,-85.68515354841524,6445133.634239033,3406.309400071211,36.2743847147013,74.8236345297143,15.591261704821262
141,config_115,33809,24,27,313691.5576088089,7.84867946646961,0.0070844072871238,-179.984155758018,-170.4067475149658,29198659.975365225,10343.248823758528,337.0898885315966,179.97318120378293,1.2133221646996233,12223244.42545122,6845.143827642302,1.6250852938529154,55.48690654905275,-94.74546250718136,5440083.74735593,3356.0130322869413,14.698200734118824,51.237014562069106,13.966367823533124
142,config_116,206862,47,43,241794.11964312423,5.138366348079458,0.0446360300151377,-174.6146218503581,-154.59840419910057,29299531.006101448,10010.40723458372,352.61699372660877,143.45203570076825,1.4205958586525418,14089021.124692705,5023.648268860665,12.973563579292092,4.181796657205391,-84.75296803145017,6766580.352395057,3355.5547124494774,38.704961123231215,60.99295776738325,16.54528123017806
143,config_117,56527,19,17,2322060.1533717564,1214.4944283095674,0.0440551650320362,-137.1155207124452,-144.9582780648155,28543176.86718679,9426.670856641427,207.5030813657739,147.53400093272035,-33.08311134199341,12656546.854742471,5503.264220233158,6.324682314979629,-18.99987323474304,-89.88115944492708,5013333.932697126,2630.9504827313076,21.319025682896623,85.06421464335111,14.573656153162483
144,config_118,64960,22,25,451079.61498617294,2702.6182403010544,0.0281384230632572,-178.52137708589132,-171.46831192715013,29235005.388493907,10010.08821136638,107.31023895195744,176.63656230478065,-42.88394866909497,16540756.686071971,4340.083685665483,18.296575894072916,8.742087183275485,-86.31297288211627,5963541.928529871,2040.2780322869412,34.69873136518457,100.22918931723328,13.313467295658086
145,config_119,139461,52,40,350367.7718182696,25.990065242949417,0.0284854109222874,-179.9827138967117,-166.76094953042542,29296649.87791443,10020.428014432298,347.6118417555498,179.95943768731289,-11.748813482278711,16595629.555551644,3974.8065589771145,15.896697517627624,17.787768073516194,-88.0783991981429,6590140.015790209,2995.1689066714857,44.005890303998456,55.783436974423694,18.80486022507388
146,config_120,23170,9,13,650053.4916452548,1327.8657182542372,0.0069053233211654,-53.75543311084749,-191.0239422183644,28699349.61933488,16057.3626522456,204.8782920874707,139.00998311280338,-33.91843067301799,16223345.949944329,4587.593004680093,9.0527410996113,-16.553483800788502,-90.43617260475192,7809596.565552949,2237.4669916723515,17.360512138496997,20.14304748718943,14.178032897107858
147,config_121,67845,62,49,382892.0231541254,8.349185159219198,0.0289588129635006,-160.59198661868928,-161.48802098829103,29299515.082260344,11403.595542809113,347.054006433033,178.28675727962516,-1.6135531875565898,14557991.407192586,7041.251008401209,6.639335364128874,4.120742509125136,-94.54255574294596,7917003.524724086,3391.065513945895,33.84316684729355,82.93618282586003,21.056017023500683
148,config_122,81381,41,38,200378.01030472977,1153.328704970881,0.1859207624855215,-178.93760539391596,-177.92676155947282,29298576.61518819,11996.738339707172,107.19593458482328,177.85089617477965,-43.91408210869516,10913050.687858138,6852.941697074617,11.307720083362025,0.2216725372160074,-91.45759315527243,6889841.057774363,2987.534605262115,27.82004390217815,86.79581473308899,13.234255834551655
149,config_123,105507,64,42,489361.6915048522,8.104474816732262,0.0069036596041041,-175.70151129198467,-179.15313197912224,29298718.918223817,16060.1033397669,336.7907938471714,167.387240208638,1.5660027791673674,13845893.539708303,5094.175776393877,4.4408964049423245,-5.638734472690574,-90.35459215665638,6581485.226926567,3712.5570271559736,16.42024938251438,86.6528928829197,17.586470411895974
150,config_124,92,2,2,1255646.4561456083,2925.774201267388,0.4019323982421317,34.288402387806414,-164.30766425602678,29346025.153252613,11400.963758316786,6.408818955648679,67.67641669423065,-90.47508269869562,11445822.0626081,7415.613379465232,2.045285532712849,51.23656636709214,-112.64755615688412,9376848.3883266,3613.4951317847817,2.2399292455731517,11.687410793023842,17.188560982050195
151,config_125,2055,4,5,702840.8481704636,2995.2123011859258,0.101148640711925,-164.71394961972257,-155.22981321043147,27085715.41113003,11977.666566702948,1.5842387087266931,155.96725808283222,-73.77008108350822,11718365.19924429,4423.263947862139,0.8219900071343653,-59.089808206730915,-100.56260634922688,5712275.8907538215,2442.3723782348457,0.4562359931334678,47.75370275096372,12.70002934092973
152,config_126,167963,41,39,350255.43377130176,8.18548353333294,0.0092037031215981,-172.0171942070642,-165.69217843745452,29198300.537441965,11910.14921211946,349.3729728106124,178.00077442430486,5.8147900813286295,14041550.029342204,3581.136112953897,15.100998956555657,49.367712932858815,-85.33119090281733,7140268.456182865,2478.3558224474655,40.21099194495989,85.8832338246387,13.720145590668151
153,config_127,128256,50,42,487813.04207758827,307.77305778611486,0.0080932363111115,-179.8042680838954,-174.0509519654165,29332871.84820611,11953.903934604885,212.55106781518103,179.99440323860173,-25.07455766374657,13836424.599633582,3657.570240437716,5.0148492860095555,-3.6007420905660443,-84.77596961450242,6751270.86559863,1611.1845534017657,13.093836147242577,82.44612536511208,13.845713693315268
154,config_128,115347,50,46,123776.32344226692,23.699066822643815,0.0070808535776868,-179.99988125127615,-172.51106934365768,28742698.160198785,11933.773084563418,351.39330865401644,179.99940649686906,-11.10389311487828,13196161.10211041,3442.5046376380287,19.90977112694835,-36.66971454112296,-82.93171858207336,6679557.673545091,1500.0776214724624,42.37763641237557,116.69402438868558,16.164199299118827
155,config_129,103054,27,33,570508.244277132,25.06934971752479,0.0731231380727457,-179.90535926537189,-163.90766537163034,29119956.23801609,10010.954584894642,345.4637718371829,179.89759857076464,-10.322473791325672,11513287.294434428,5826.28267220798,19.18073931718816,1.0555855867437458,-86.5155888548496,7299018.980343685,2832.090119336394,45.05990332462003,66.35738465887682,16.439137489798057
156,config_130,166169,68,48,218474.58251037655,11.06374748073072,0.0352831685671479,-179.99723859120192,-171.52539625189814,29294202.35105602,11404.923209607898,348.75615471826404,179.99987903315065,-2.6339709729081124,14015240.85424072,2967.5091451118187,17.975920534675037,52.3419086117808,-79.2409746682056,7763200.194080732,2631.348444354081,39.21199284964924,74.81080125221636,22.30892017868975
157,config_131,36513,8,14,600010.7186182316,1269.1649409490665,0.0071111382237269,-161.7512436492498,-176.47248367824352,29288403.423817866,11985.56369869851,108.77804941398868,148.4157478547948,-31.891698969564693,15314542.41588397,4372.91324871292,11.60061380053804,-76.84591189214996,-81.26358142706712,7940101.539250346,1289.5045797416142,28.392511496247003,117.51065248317444,13.5239184906595
158,config_132,53869,25,25,1004107.2904639628,375.8735444528933,0.0439612461031338,-114.3380601304254,-155.32721152865307,29259924.211920723,10001.549271524844,107.61780822704306,144.89025552679772,-26.821368510591228,14474514.948853208,4321.417912435782,8.409967903293419,5.286831664901503,-93.22700508081718,6915020.4951662915,2698.429934448217,23.894016710345213,57.32822169758416,12.84148687282213
159,config_133,46272,24,25,350303.7799937162,28.463593505238787,0.1662803029404707,-178.30742797678116,-167.59865985349117,29398812.3809967,11406.945097843833,356.43019270801386,143.06765992775576,-12.847602667831666,12374421.342569005,3114.727594949771,44.35009462797628,62.99180963688987,-80.55786146730946,7175246.032803675,1350.3889440180565,73.72152830278151,55.72384759388685,21.60868789916307
160,config_134,8160,5,7,2902223.3888014676,2797.631064684434,0.4755952473806273,-154.95329784261193,-153.9180130315855,28446481.161734138,9610.73138564458,106.9230356362084,102.79541253910578,-37.27940000898259,12395166.035604086,3722.439068513359,36.51087954115415,92.55170831548833,-80.27215537583326,2866035.4837981365,1239.95842767033,42.28615330211017,8.881496998572228,16.43273826417746
161,config_135,18720,8,12,1323727.7052363215,1219.5066367580353,0.1890288010213967,-179.99974313223737,-155.37935876169558,28684704.778981306,10028.286537257722,52.32865372504451,179.99996072935767,-34.91378757153883,18084620.97982168,3981.0448713576143,5.435901389975392,-72.33675574231457,-82.81917259890814,6785407.868400134,815.0898689177974,11.967929826571478,133.47518762961644,17.171882520196945
162,config_136,112647,65,44,243662.9978936,15.702895445264964,0.0366056021731222,-179.9888142047759,-166.57943561182614,29348982.120362535,10012.714809281528,338.6598181931055,179.98783458671969,-4.311339743819099,12767749.402376974,5012.1449273526205,15.182567024895675,-19.773112108432223,-84.61347206161571,7279839.061599884,3454.796843269135,30.148648980409856,87.1766345034785,20.01297214842129
163,config_137,63907,22,24,714761.6027651908,18.388887809766697,0.0685541967923292,-179.9996833302882,-156.0864644856507,29243195.72029228,10004.36056519728,354.6335371955999,179.99989423968296,-3.943489498232283,15223631.455368804,2842.345180681144,19.429661600421355,-47.248312984634424,-80.2636412101219,6872275.778203037,2434.896100601889,62.06759398739035,153.95276756378993,23.93572599196097
164,config_138,116603,74,49,29211.9015249995,9.156062359820968,0.0226378980535015,-179.5673021201509,-171.03506378785752,29298676.40565292,11403.805075893237,355.6299770058753,179.48903403010908,4.176592608894557,14544749.605281483,4686.940876610616,32.94138389545918,36.79216935663922,-82.24527780369829,6975859.396093911,3320.3516375146273,77.19644744032931,84.98024595967466,24.650676891611557
165,config_139,120981,24,27,101638.2437458336,13.566204824709075,0.0487452045305492,-173.83965191124128,-162.3762465063811,29105216.73755057,11403.622210352216,349.4275106920135,170.69710638506982,-4.837245414402499,17108799.931586735,3498.336922970478,8.929823947349226,14.746841090052609,-84.53769991449148,7262238.173265478,2695.0867648422936,36.02214024490276,94.8810227230975,15.54156931158335
166,config_140,126671,26,24,402185.7922378114,10.811156908605122,0.045904707178897,-179.99937252012563,-162.2078465134683,29297725.506969135,10010.636485585184,355.39255280802297,179.99942038520572,-1.2749863013314835,11968734.998249684,7422.766587952697,11.603217727110506,47.95762392688439,-86.9021042530877,6923492.605335886,2715.7316261829137,40.44964747221303,107.28719725986156,14.095798379020756
167,config_141,46833,20,20,700711.3918671374,149.8347046482379,0.1191341410900454,-138.58833556784393,-166.52513528058168,28727526.13252249,11933.101713897142,52.77673196068716,175.30453283359287,-12.21308156900906,14483525.99102191,3639.2903262842137,14.602816427267005,70.09647726387476,-84.35213835149347,6098418.9119404685,2389.0063499808,19.469730978244396,59.170795473671696,17.554095788126812
168,config_142,123774,47,38,13028.361439090648,4.810544091714242,0.0288256906194468,-177.42147800279295,-158.5273165768078,29294023.82966999,10011.44413822176,348.9354199948175,175.2028479939554,4.293084946863276,13743361.545090836,3618.541469638321,24.037021745790337,3.4181484919178913,-83.27164960069408,7441818.019437676,2940.1912238902155,72.84248657960414,93.24534581298109,22.85452220171304
169,config_143,7635,7,9,3434196.825633219,2931.9420558758693,0.0436665742441836,-149.11204359733088,-161.95707943379503,29189015.697183017,9600.975179928908,20.793754831406385,65.57719814869458,-41.205827869031225,23971492.38730205,7291.610928848901,1.243962567444943,-25.90257304068391,-93.78876397026944,4259902.087608573,2696.2135886587826,1.3506209496260018,33.20129887003527,15.86045334754036
170,config_144,147563,51,48,408809.4836216899,149.60075828815616,0.0295005161334324,-164.62433195507234,-165.71701334748286,29291295.92127775,10029.0250763654,208.07284435692415,178.03936476841423,-35.361532195365754,12713593.357144222,5588.770676051053,6.3665644146941895,-41.46769561974294,-86.07741802174715,6457661.847695828,3174.65713026329,16.464239256964955,83.90329060020188,13.749023704714782
171,config_145,108823,68,55,250181.48812351335,357.3095874159948,0.0072861122789879,-179.9623119636402,-183.56258051488777,29295546.59844794,11970.938388910385,219.84703447410783,179.99981979432567,-12.825371629983652,14052865.043638978,3996.5174271609662,5.245308966722767,-11.133787683706071,-91.1787398807101,6912532.103877558,2498.0625311658487,16.117710793325188,66.82176067832879,13.843480178093984
172,config_146,57868,12,13,709860.8688144224,1344.9073074979738,0.2272933061794232,-161.86504554802767,-151.58050102739128,29299830.707882,9521.405218095975,210.89105538142263,138.36647027346282,-45.23498684534856,13768131.380034786,8700.120248146097,0.7437135283753897,6.735023899373461,-97.8210972925294,7626397.860173428,1367.0094404832428,3.6307441768578985,57.60513087220237,10.195851633964198
173,config_147,130277,47,41,200199.86110691563,336.31455359116217,0.1181122147860457,-178.93679052573643,-159.95481702415134,29099872.89998799,12002.4672778003,106.46005920025029,179.19585064507186,-25.49736559241451,14353958.354482964,3635.41023392629,1.382558501411043,-42.937228328025384,-89.78366841141218,8067954.179211233,2730.067760516807,7.931234884032555,51.96842489341855,13.208287193828196
174,config_148,100946,40,37,2337.004896197805,149.6939296628754,0.039084298118871,-179.9666816049603,-165.38521947770457,29346458.29347408,11979.978005608118,109.52482784718984,179.88841659495696,-33.80907035496899,14653189.20128204,4964.256831175095,5.776965806229904,41.06343690607808,-85.7199583339728,7114229.965297669,2660.8209737082475,13.954777662793092,57.35030865826417,16.06083227915264
175,config_149,26624,11,14,200715.72826459468,1257.9060700356115,0.0305236717419642,-124.18076611502758,-164.82376270792153,29236189.50944626,9513.011780264518,212.6490735116174,139.22905299060437,-38.57942472764734,11939234.518374678,3334.6248791438416,32.11183122096593,100.1009346294708,-87.23075696273203,5933512.768816042,1162.5123443174607,42.10216914058508,51.57823210528782,12.33034840116481
176,config_150,36442,28,24,468923.6097580429,26.10907213300598,0.007676114830891,-179.40223262077564,-171.3244970779654,28749749.29041746,16035.207077922256,353.64455208376023,179.99591469248924,-7.142003018877645,15329183.990334384,2219.336300996742,35.08022188298789,37.071211843763166,-68.86029702068844,7185958.086619708,3167.2365802310196,75.09513670279881,76.80648221753036,26.347787257900432
177,config_151,60646,37,41,292838.7681857511,428.9810151957846,0.0069708161632661,-178.82647287184577,-186.50956028056055,29109059.357477967,16059.688407941168,214.56729430132285,179.1721944693953,-22.704604768531485,14990578.580276037,3996.385414580936,2.8427011724619944,42.730590829271705,-93.10255408959944,7568989.134953693,2573.15632587342,16.010370612116624,97.02200446615616,11.759889856303012
178,config_152,113385,55,47,350092.2541516762,7.078920386249845,0.0308911218769876,-179.98664395721502,-151.267559326073,29198841.283115458,9507.9911633868,355.45844110920075,179.98789260111752,-1.617481958303269,13790837.502637375,4800.053641664779,24.48772449192108,46.71033143746561,-83.66607776614204,6621367.281533934,3443.0489648684156,66.47603117737309,101.27602341027722,22.01389990034756
179,config_153,25490,17,19,714679.1264019762,12.345317538093925,0.0499583772980251,-179.2357221580983,-154.30944695729485,28748517.892064113,9507.465423534964,348.96511805497175,179.9307073249749,-5.8989913339398825,15901509.30120474,1874.9365393136788,25.97184477799432,15.891654591205288,-74.42746714127554,6392857.713219751,1965.589138747628,68.19239521663845,79.05911319702996,24.561906695271517
180,config_154,67883,22,25,743556.2042293618,1136.125950368146,0.0430399174910513,-167.15904334400437,-157.0921762129397,29019765.669031136,9606.92400449991,202.8330878056991,164.57806250299188,-38.995176898337846,15030112.314710531,4305.701909509782,8.802980589036526,36.80365539820821,-90.43588363730778,7881772.467856096,2676.860744825593,25.42467460783612,100.97806521730664,13.379268423436596
181,config_155,100948,65,46,526349.1134773016,19.730304637677328,0.0069102058968303,-175.71479843494092,-185.8970045205332,29348871.465857875,16072.35015317895,362.6729616004651,177.75099329525435,-0.1611841507336424,13012853.624645056,5575.8455777965555,23.563139815191622,47.92370265771456,-87.74897852094227,7077389.911026342,3512.9902042277927,70.98284243489012,75.29533086849004,23.7400790463138
182,config_156,102439,61,53,355906.2107655687,149.29890706184642,0.0075329847725821,-179.85022944510308,-175.37148477057735,29297639.42412627,11956.77942092554,106.11615743450976,179.8333050405052,-23.185910464845655,13063675.185694829,4597.712712409006,7.565159375730773,30.3828659749802,-85.65902511966603,6760865.962076686,2820.1661138805457,17.89582178367378,97.12393024556631,17.99960834303792
183,config_157,128500,64,49,446268.1394418145,149.16584953760005,0.0303013819216904,-176.80256289743727,-164.5305149668144,29197560.149035927,10012.554350054748,217.77428770027777,179.2982033399944,-27.90504613341561,12898693.911968354,5666.3391276880875,6.218977230040214,23.166354425551333,-88.32440277378348,6666186.573842772,3224.302962941735,16.080209127712944,91.95603524504924,16.05116737112836
184,config_158,316787,75,47,350025.747082512,17.91668793679809,0.0411708633015001,-179.997935483197,-170.5723280354036,29299773.438445386,9987.136297163392,350.23491864605086,179.9972440338931,-4.409644721348566,14224685.957046095,4419.123404048521,9.709642677927894,-60.172288045189966,-86.36903796507379,7224958.25632516,2683.1386312772024,38.82164914384956,97.29452714454196,13.566855605199384
185,config_159,66272,32,38,308221.6614757844,28.056692852361927,0.1820225169138368,-159.8970629025701,-166.9885605496722,29298637.379137374,10035.699369153535,352.5794944757481,167.9189403211197,-10.52726347607892,10406992.524583936,7168.361135203206,12.38185058788476,-56.93234959657613,-89.6693403567006,7407138.752396189,2894.645217676308,56.289567866739304,77.82573810067123,17.78781669070891
186,config_160,126160,43,37,402473.88101293147,24.67299230597412,0.0101591924173271,-169.38570191287346,-177.44995410695475,28748611.74163463,11962.59873475127,343.3019749297465,166.17132869630376,-10.65027449810438,14988548.505562918,3896.774051277875,11.052751488347138,43.18109202919515,-87.72791451609008,6770597.960337753,2283.834667337585,27.37819730331808,78.7451491657407,12.887354957660436
187,config_161,87745,29,32,352040.43289778027,1124.196867282126,0.0321942137044742,-172.91183575447172,-174.11856140815598,29343224.75492304,11987.775923940755,107.17229820560868,173.58513043847614,-58.647473174653584,11709463.741467647,3334.269701338908,0.6159482678692056,38.89645628881176,-91.93391186113126,6051267.168562173,1538.4228718363972,5.890906082650423,71.20575618982981,7.002114731441402
188,config_162,59078,15,17,1000102.313260888,1219.630953852722,0.1844820818815419,-146.25903469500616,-166.98857875005498,28748418.5030162,10042.555642749085,106.51804784480792,149.6620006454458,-42.46753087121018,10675301.26458465,7939.207552301564,6.3581843318674,44.7122353296444,-92.31303095990587,7059086.160727994,2291.861559830515,21.445127811543443,70.3280657240353,13.904215256629003
189,config_163,104249,41,37,100270.4077169972,22.916276222270156,0.0331186901324719,-172.4706975372995,-162.16427828891665,29199281.541120894,11919.210107636589,358.81125586468147,172.55717095347586,-7.507871832360471,15388716.647884462,3451.19965431691,20.638515177700125,-39.05333703111436,-80.37719420527071,6924895.7907262575,2520.027715742732,50.89425106960958,92.88344654494206,20.175023105888855
190,config_164,2790,6,8,700494.226708093,2798.1138085302377,0.0352062415116312,-125.02641423884008,-164.61486756429676,26296956.70360868,9418.332844559993,4.726975066796662,171.64482821482147,-39.77119279796391,12042734.805455957,4248.7072351528195,1.652007108740266,-30.685320442031426,-94.95871792604856,4938041.579720965,854.617364197615,0.8890813253810451,50.85228465904407,11.550260569409613
191,config_165,21333,9,12,701104.5715996191,21.66428572377546,0.1638929921728227,-52.950295888941355,-156.51722021973768,28740670.723423425,9515.729974311163,348.5871742524684,125.62171526565308,-5.041239975072937,9953142.991928283,2346.6822277735646,30.40320201312556,39.39087499940837,-82.51038699399462,4645950.673920689,1729.524306390161,88.14138019401838,25.25410780657563,23.741754984213795
192,config_166,157012,55,37,488368.25373418146,5.247914431802819,0.044303003709421,-179.98725193106085,-175.3352390570928,29153634.019661807,10034.663923832568,345.4758899866947,179.94326673749623,1.651766238377156,19294470.405623287,7016.4360867615405,6.824512636113605,2.2927784096765382,-80.09092493196438,6810296.5168141555,3019.548399215031,35.35914707458892,58.089160134115644,17.583721589832862
193,config_167,10546,7,11,5027433.14777247,149.21294159802574,0.2821365484118801,-65.91508598083749,-148.3754157221386,28449251.567527127,6107.976627883991,37.23039869875048,123.1580507868566,-46.187033072465525,15170142.91418706,1122.4382150300075,21.153551467803123,-8.187307645444918,-72.11039777350238,4832063.788915689,1321.2873052851885,13.723143705809672,45.1578491555214,14.704540996825276
194,config_168,24614,19,21,2905077.4068611013,1269.254910588212,0.0594473421163913,-179.9597740142754,-155.56008079652747,28798798.909445383,10008.088696919383,52.779107650604864,179.73665622876794,-33.30279581543741,16166521.347657925,3734.629914900143,11.669535291797812,10.253950653588042,-84.96564287951827,5896996.034131637,1539.0369559045514,18.45788618536529,68.54629813617903,17.83645398886034
195,config_169,6668,4,4,1129902.8269329302,1211.9814517420975,0.4831455132985651,-92.98840140830804,-147.64048728595645,17448862.200260293,9605.273717167172,104.36012481932204,100.62487698829722,-33.98912851338396,4641231.047378639,3341.6637128403486,21.409994956938476,81.28048379848963,-77.5080085900672,2313192.6215560385,609.7168976990398,23.172987770076084,16.86360588394594,11.673653259897216
196,config_170,196224,58,51,351183.99359883956,25.148850067771555,0.1314823546826029,-179.4663685699697,-165.20946904440913,29268561.99228031,11404.246314607668,351.966783508698,168.04237252084425,-1.6175738381920008,13081754.442116214,3490.7560145541624,18.72953762361719,18.180352430239605,-85.87973574376217,6258828.802025141,2406.7410993832204,38.20271143102914,85.98078930953314,15.05359198024229
197,config_171,65051,29,32,1104339.3822459674,149.4787275973308,0.0346502699803718,-162.42131841775748,-162.88624137137438,29294987.570475787,9510.74387610961,210.4846295126397,164.2076808826214,-28.20126313961607,14702838.158021197,6091.172393321396,9.112083826027584,-6.717854492404491,-85.4664929994624,7117184.74383578,3774.9285409988847,18.19121854816734,71.53069044127247,17.78522360852828
198,config_172,95855,45,41,721657.2476963669,149.71839752281184,0.0978416256574531,-179.95982765418685,-160.9732039400172,29002089.534877703,10013.401187297815,108.60439721232292,179.91721624408655,-27.329065053776255,11877134.922670385,3614.531674189924,22.511891868793025,-10.51503166748624,-83.55391480231688,6295809.849529189,2402.225032204088,32.405603350330445,90.01455233592587,16.67504359875251
199,config_173,4,2,3,12016388.17968918,3250.222843854634,0.2417621678672427,-96.85730664415718,-155.9045783108851,19836939.561077517,9375.639011762716,0.7881466036874166,112.41767572863778,-90.8714946595436,15906993.14897266,6320.857605592102,0.4827688111401106,7.844127797001825,-126.63234828231546,3888717.0014261743,3045.9487943858526,0.2233199089925587,104.5336277405199,26.723940151564243
200,config_174,117547,62,42,237429.23504605624,149.65984412877043,0.0069687744164504,-179.90824673857904,-166.66114073151414,29282928.886538193,10989.025439903377,212.61311329527376,175.80734927472793,-21.298426502943663,15449023.87043072,3033.162920355944,5.786373291718354,47.34590111468124,-86.55137857878266,6080347.242096161,2158.3277800121327,14.77222442559561,83.53684693349744,14.56376448286754
201,config_175,29383,30,32,411663.3593743321,1173.687017589793,0.0487976977181215,-127.65578566785618,-174.45895181105487,28698098.337710075,9993.352999807035,107.9189136247331,178.85166960880616,-46.92823165118668,14633897.614293622,4018.0653895531977,2.700617342556765,31.423843000649413,-90.45536313435082,6552188.582734641,1384.6550545050793,10.956424215808438,59.6694862936275,13.46914540541601
202,config_176,81554,37,34,366165.8147748434,26.935756676817995,0.0318177167553356,-171.5378439385902,-153.21042957815357,29098682.363453753,10008.753777211572,344.4980681950752,173.693546977001,6.77404538128118,14619650.280679248,2837.346553912314,19.898159083390873,-15.71624515496594,-84.87256843544965,6643893.710190919,1578.4811371628557,49.00466186119616,86.11448577644133,14.815269579935176
203,config_177,224213,63,49,350631.2346285995,17.034670161258706,0.0266481434812537,-179.7254173717056,-177.81580964075118,29314084.93824307,12003.835504637967,348.8737962901997,179.9964122070818,-1.0304551914647495,14313422.879081974,5793.312021705319,10.015038919380403,38.150841754162805,-86.55783233918108,7085713.264112326,2997.611223475779,33.291337617992944,118.24962897118436,12.93007563798879
204,config_178,162760,65,49,109056.41072391688,11.201591874058998,0.0521965262470506,-179.99791920675247,-167.6777409530199,29241513.6935381,11403.064337229152,346.9240300917621,179.95544500819562,2.1527453671232526,15298143.88163288,3800.374788708412,10.470220313758295,39.08534216777163,-88.55027200804335,6897860.533674183,2782.6577847787175,31.28997457072356,70.80402730831186,16.93180732871608
205,config_179,101549,26,28,350377.3236878421,21.583290682158403,0.0333044444366915,-177.40901536413173,-167.18302789376185,29178050.89437112,9977.710292664178,351.4725270880494,179.22990655140927,0.4673117022052553,15177972.10044036,2600.640881341119,9.922377497622795,103.90618007764184,-80.54958292406127,7786346.4531694595,667.5985380131248,47.98079006593404,43.09329757208464,13.493411257539584
206,config_180,47097,50,40,954410.871145876,306.9288099184823,0.038331218693822,-179.93371251235988,-179.20474809757468,29162837.81085871,11869.27003305276,209.79594989314367,179.81942531457463,-17.854504253299275,15047975.427755184,5552.2156645335535,11.337520408874465,90.00114006370659,-92.38647323447412,6963597.202488,3154.650387346427,24.420644149364342,95.5137939505502,15.799309113659186
207,config_181,148333,19,25,797015.5234429747,27.25151676784254,0.0273349453808234,-178.2746183074703,-163.06395031929324,29299864.72986037,11405.346887272655,344.96811171518857,137.1163934393628,-6.294384391360069,13377476.404130574,7936.809995787216,7.692449384018021,21.23122526675059,-82.97028089047075,7953495.411929738,2803.9648651641187,35.92367708309021,56.299070808137714,14.642302941248904
208,config_182,215769,67,50,351137.2738006514,13.181423313866826,0.0338593678896627,-179.9995555920934,-171.17158166552645,29299661.402773794,11995.8351619247,345.7713611310887,179.9999595438261,7.37705827304291,12813226.03932928,7399.226348938686,5.129153076898556,11.766583356754548,-88.52498524785318,7310943.196414054,2975.7016291324803,18.084779362578303,111.32678631517544,15.653093599142956
209,config_183,31794,31,30,356928.98146523524,448.5396302789535,0.2209296546213243,-179.9709951620149,-158.99510704350186,28748449.847994592,9422.170564196404,207.9690657447899,179.89511186767106,-36.65728636307843,17131592.164863333,4636.283820610267,16.617728295021195,-49.87756621935535,-92.1737040867215,6592966.409298349,2659.3293664476523,33.44638577304736,102.9714569640868,16.693754012973162
210,config_184,92453,53,45,184678.0514513858,303.2558575659114,0.0069162300119616,-179.99790241190473,-182.41261170537115,28735608.92582036,16052.839958052486,104.7587844739532,179.98924076362346,-31.85684037687173,13784653.254739933,5306.186678210775,6.193482996610052,60.64012824169409,-89.11413023468283,7526166.893265489,2788.7312043952356,14.179001404453103,105.77500650181562,15.20968286080339
211,config_185,92379,42,39,373505.4856022218,14.16033385388788,0.0340261303514252,-129.9855266936023,-150.71253358495736,28748462.826844785,9515.12638058966,357.59347144317474,178.56502212867326,-3.1295139382482184,15263915.561247148,4685.603437719621,13.88498090794196,34.59591472890911,-88.01982502300444,5932004.378193677,3185.3115375112184,50.84566477206486,71.62529117755976,19.11202794152642
212,config_186,7696,12,21,2251829.9218357503,1052.6443490290694,0.0691098656220267,-160.10091289313127,-150.48868875658977,28734596.76355349,9825.68641602272,106.28373902304558,170.88876227538736,-36.91979889546459,17101129.158834197,6854.220529689188,8.677779199800078,-19.176402480982333,-94.26294145403554,4941243.549144463,2920.429672243307,22.381857615832253,61.887135035597346,15.561781043620355
213,config_187,339429,74,51,335503.01366619836,27.90497359115318,0.0477070925385527,-179.86515538407903,-165.3043697232204,29347517.3804188,11401.816197723252,344.82396611473104,179.97705026219526,-12.49982929340939,14123429.316827938,6307.215386123018,3.24641145751852,22.40078931316734,-82.59841727482969,6840995.23716988,3340.976353144912,18.137134199131204,115.20330844644928,14.072841086279569
214,config_188,133471,55,44,700436.8404831673,149.87333552850072,0.0263641906149883,-179.89965253565063,-176.98058431061057,29297059.231603023,11691.861052371009,216.4130295625623,179.8879014867332,-21.62741601455538,12079425.352231285,6902.594377593124,6.788527576056152,-83.42632918724462,-83.84921795689498,5907985.537120793,3261.0682483551236,19.707195725233333,59.87156808601312,12.907346319127807
215,config_189,103876,65,51,351879.98077685817,6.468325973872121,0.076133175756492,-178.44867036083434,-162.7415501544631,29294592.026533484,10026.90225534604,352.15560190279535,179.50497432519245,13.678334015150718,14028227.434828844,3395.4285083811214,12.316353015320392,82.69671829818719,-87.02847842615945,7105670.56687239,2426.5563257470317,43.12630893408149,66.97107714963819,21.14603480286833
216,config_190,13145,22,24,2250460.7651697304,8.060328051940767,0.0431832804579384,-175.0484517190557,-169.26962119171557,28248495.287168667,10008.516718362707,342.5373632350881,152.20771119525045,5.145651829651056,15826051.700965092,3559.6821212488007,21.5330918611575,-65.33654289445306,-88.1082755486059,6882832.9040949885,2507.897699679491,72.60919186402715,118.76979182496662,25.68127818922996
217,config_191,149215,64,47,103938.8588345695,149.44602831633478,0.0229620210140257,-179.99996372054653,-170.59144746905545,29159083.321693096,10022.389275608291,106.94061331131962,179.9993787392315,-2.011376660516457,14467193.477668723,3178.0324764927927,13.334195072550456,-1.1561971870656027,-83.76062287825344,6865697.779834625,2587.839144017993,23.366427984720037,106.8053713004145,18.78596579391076
218,config_192,58391,32,32,358688.5975381826,25.70956655104192,0.006978985526884,-179.88557176504395,-165.43354913916966,29108444.523123942,10989.045771532205,351.92948388185266,179.74704215315478,-12.512333965602222,12480839.319370562,6890.565890328493,12.865473747255624,-70.85750581494148,-89.25382056556042,5809980.183808123,3510.147450593411,59.61232433741296,87.98735458374199,20.35220844997737
219,config_193,137339,47,41,353451.23029650614,19.67256235635373,0.0525393697936658,-169.9827852936097,-168.37137636163175,29382886.33275872,11404.389736687726,347.947052173635,170.61251298037135,-4.294410635042423,12934538.301605634,5568.736591051798,14.483592607828088,-0.1448488397684234,-88.02284574917252,6449959.664719767,3140.37020202368,52.887420555427376,68.69087101435068,17.025355584323645
220,config_194,167849,56,40,200605.60966759027,8.717790008411612,0.0426237608952074,-179.8459547400786,-165.29287119453062,29463085.91925577,11404.740092125392,345.83526632755377,175.8336336115735,0.1082442753023578,15486501.80500902,2758.5368124340453,7.132102293079048,-2.2271515341338657,-89.50138523011081,7604569.659189037,1681.8254796202364,38.78553254606801,100.25576841331016,14.742875877416443
221,config_195,148698,44,46,200911.6028517825,14.503367649816788,0.006928207983261,-158.09686313736924,-162.19952182670397,29241277.45309671,11993.536427457291,355.2149115944898,171.15206457750392,-1.8627783974195016,14946082.280790452,4658.300248387301,20.210159552254503,-14.067230906221704,-84.27108666287538,7586574.195735311,2253.9203482747275,51.98885457034195,89.1847647137311,17.934090639090865
222,config_196,190991,36,37,301723.1657430712,27.62401929412937,0.0312396591051978,-179.87699351302828,-161.5459514524914,28528443.510809563,11404.961837319372,351.67673441565034,179.92545619911203,-12.323412145353856,13908266.462172369,4280.090187420202,5.908203904073357,-4.3453899693121185,-88.09541248210715,7651942.256866014,3068.303523371342,24.148359647130015,92.65520824666172,8.946526775913263
223,config_197,27934,28,33,269395.48501216294,19.853065927301767,0.2150482166864082,-179.48598121686734,-158.73206119907744,29299742.16578604,9601.088334243022,349.61843918336757,179.9997351487662,-1.4520705279002786,17068125.197478842,5418.635911929954,23.02567180844979,-13.67630115241609,-83.08781841896888,7369507.823087447,3832.705324852586,69.56556696700645,76.63234083644117,29.065813025966325
224,config_198,4687,7,10,2909.78433229898,364.902825491738,0.0072356816727599,-145.7128671369308,-166.0736815953688,28148914.27358512,11997.214851810151,17.061558241426788,141.68896435410275,-14.768678582998236,14958356.255618451,5697.57953098665,5.57614709984718,77.02685797309272,-89.68344147592899,6466736.026719537,4175.037192612987,6.937978762466558,52.24492777103786,26.55694089344507
225,config_199,231297,53,46,712789.3245708825,8.711527222946348,0.0320723379135984,-179.9996249773293,-164.56525145816462,29299871.50174196,10010.392744108553,345.79547924977624,179.9992580229794,1.3274050066256768,13840977.486659003,5083.1658760103355,10.088648942663582,-45.95234455946346,-79.91080288466526,6789400.55598952,3702.3486353572225,31.029073535897417,92.39662272344644,15.864064445287283
226,config_200,122243,49,44,722836.6859366373,27.270750415799547,0.0105075112439314,-174.8251356561135,-171.63815267398888,29347783.80907284,11938.00648069028,344.9817791332433,179.44538629903832,-7.949799743756939,11295997.098537693,5444.224805547859,21.017839529511573,50.563362767507755,-84.20598493919549,7628358.320439731,3365.876165855652,48.92364515822477,73.7387809732409,18.576533889839663
227,config_201,19694,7,40,359588.32766210433,149.88679248036846,0.1672575025697987,-50.206866709275914,-149.11500520645188,28444436.144361835,6110.335531742632,48.37228913144927,114.84138257083868,-43.728410148646695,11105855.339865236,1589.9548465810838,7.354078506895769,80.65586699990205,-84.70776132204857,3782701.9307196504,900.074919850679,14.592741848419458,35.090876847732254,12.14692676703987
228,config_200,135436,46,44,351717.54474796343,27.1891096092584,0.0071357044971337,-179.7736439220607,-172.7253721809008,29298275.721321713,11991.232847328229,366.4817147433001,179.85731744552575,-9.004848221220746,11548752.3646151,6135.905828304812,14.5989678389042,16.819212766601645,-87.17970481468609,7715805.446522114,3230.87956899713,44.84887911156349,80.01000244766189,17.20739878076832
229,config_201,115300,53,40,350198.8956948381,13.527521595728157,0.0069038081822217,-149.4092738496476,-177.13709880165015,29325985.38811344,16059.746194325906,353.378020330873,154.25174331564975,-3.1965823156053026,13937791.7956348,4993.540345080438,14.178077886268492,-25.828251278682785,-85.78572414125512,7661341.232080794,3836.063339203478,34.14702950898362,88.64069333880317,19.6299653502276
230,config_202,4938,21,23,1001618.2801296008,1145.3935250105844,0.0271841078472146,-170.99362204354043,-188.2485406898111,28981138.270722467,11906.173817310955,210.68512106155072,172.13755244872976,-37.36882357935214,12421056.23183158,3190.74196104466,10.257492374087086,33.36271949133342,-91.2255912560688,5614612.843655455,1908.6101196087568,31.74460613564847,113.93395202938302,16.810184920909403
231,config_203,70604,33,36,650377.6901571222,26.93280743753019,0.0329774927940087,-179.99918777025908,-162.94836387959833,29293997.998968273,9608.326333237124,352.1805420382851,179.9813949383359,-4.426715140969053,17056828.45561335,5688.694781633075,8.385876759353794,3.15281124571635,-88.98524437849437,7034476.009178037,2416.1766957228483,44.45322718365785,102.58357232030488,17.87260823730382
232,config_204,23601,15,23,706605.059873928,364.8708681206332,0.0274466932135798,-178.1512303504623,-153.83096196459962,28148328.853335027,9498.171087615396,16.53108198186504,168.33666558134203,-37.265931506676274,11396413.101601904,5916.332506303337,0.9560646994337478,-47.35556057954867,-92.2696738982252,6863871.769812982,2718.5714443523734,1.7767010627591948,125.43407671549424,14.77514899201176
233,config_205,126450,60,52,116298.42834889206,9.991992894634045,0.0329917362231799,-179.95724970383495,-165.36361961739,29199700.471845567,11948.798336467951,345.83175892920315,179.86426970055794,4.019794384209915,13090812.932494208,5441.5123770406935,14.842243062419197,58.082442950535494,-88.09302716898794,7150389.155647103,3398.1122599581954,51.52298321124727,73.3880205896681,17.69702778309787
234,config_206,67719,52,43,465351.63065783144,27.450021217313004,0.0071173694188349,-177.35463325200678,-173.4634053413249,29147736.738908045,16057.652081096929,354.14794072857586,177.52203315336348,-14.749442444737635,13732751.640907204,4391.644424619954,4.3733107282963894,-12.162004952031223,-90.39866532618043,6406193.187619103,2754.0870913681674,28.95215027884393,120.18490454575132,16.077467587169856
235,config_207,156272,75,55,353253.5023692771,149.53946812724672,0.0352390635527722,-179.9999462483407,-175.1131879987032,29191725.58332453,9966.796467686998,106.9381807631846,179.99941348686434,-12.551105350451545,13536618.21114188,4853.3480796816475,9.422075417947356,1.9511840781741865,-85.26931955615501,7775723.589568476,3224.0392434175533,21.4891404406356,87.4313330241461,17.27424801457605
236,config_208,2755,10,13,1003633.2289161708,379.3649342676007,0.0303116060533963,-179.97695340924008,-182.315705996606,29123999.74050535,11405.048979370798,17.181412963364526,179.82863657013533,-23.97331207671669,11451242.977833102,3505.769619835102,6.5607552333535075,-0.1788987974694708,-88.47643526419928,7579383.693884031,3958.939383305789,6.700488534635916,90.47586059604347,25.38741647829184
237,config_209,35890,17,18,1154289.866319925,404.7976066567018,0.0374982159344266,-179.93269275121946,-163.88571832395226,28649858.67022567,11928.009088139564,52.430323018081786,179.97005290268962,-26.213894994978816,14707896.08817252,4619.421358485468,7.28627918830597,-6.887184884333536,-91.52957918907076,5999516.664530606,2035.4350565432612,14.79142166927398,80.46299523944539,14.396171227657035
238,config_210,154720,32,26,156542.32402371374,8.5261591269737,0.0071327664067529,-179.99871175924451,-165.71736032155826,29299846.777824946,10998.888466529974,338.60140571844425,179.97847546138038,1.895802859009668,14000240.73719967,3884.180053601168,0.4997999915859182,-39.61167707238928,-88.80819835095919,7286268.366953355,3272.199287036922,6.511423106576174,53.08496814965596,11.19173211748683
239,config_211,98364,51,47,216916.03710704955,9.762494285835894,0.0088807056453087,-172.07740665521922,-174.99049265431384,29297278.580156367,11996.627842341202,347.9327046783039,167.85629151691427,3.199203965379403,15744132.393614402,3876.358739914031,9.718783907191444,38.81783272139032,-87.73539081816436,7183654.054071578,2983.2938981282286,33.92677507912762,86.18055881772321,19.680704977336173
240,config_212,95098,22,21,596772.736784701,1219.3393061114289,0.0333413109636022,-168.71779895168672,-172.64859016137044,29199679.05194187,11451.727214400213,6.276189249465425,156.43940092360697,-43.858937553943235,14018332.788792836,3050.4780640555864,0.309821254407461,18.992985400116435,-93.6039472335677,7037811.89022995,1802.992435338124,0.4239974225676702,102.73537467511356,7.622851665330438
241,config_213,82886,42,38,200789.6747179832,25.381679639813587,0.1892991655242319,-179.9976964506743,-165.28035096812303,28742622.38909213,9989.685206491544,353.2312380131427,179.999943484151,-7.915342395110098,15331019.407393392,2823.4068317077667,17.92341025173257,69.82640415351374,-79.09843175565969,7443858.97145262,2194.8884231133393,33.05930350550285,99.455865252261,18.137548637744203
242,config_214,57267,22,27,1011463.6808126416,1151.3069279238398,0.0073275793263177,-168.20805190609647,-171.66744215311127,28549867.59166845,11996.894163027857,209.3774732840751,170.05805653127,-21.20635630963559,14831932.176432544,3823.292377351541,24.55209203351619,53.59248906328464,-83.59096137628663,7117333.372380066,1404.0777382365204,38.656479328849784,86.08033681839976,15.427713142889193
243,config_215,118537,51,41,360442.449244356,21.99460263463037,0.007478393550518,-179.99510213115678,-181.43693719341528,28649865.662375137,11996.641712315684,354.1279811654732,179.9618333397605,-9.552937053437134,14240904.519941496,4265.704827606318,15.897770637308172,40.24570875518187,-84.4568658841829,6428409.127003668,2977.278864428036,45.777371572695145,85.30780061135296,19.644400281978378
244,config_216,7324,14,15,1000198.7806261485,329.61298785308696,0.0315769578448246,-179.98730302667656,-158.65297929873225,28740556.668608747,11402.671532355364,20.11668138142559,179.82309891063107,-19.2299186068515,13846212.308601718,6121.710596661924,3.470066223752501,4.359569998126923,-89.42608697200448,8200746.680814479,3749.245435121404,5.713284711951823,93.99536269886468,18.43504248011993
245,config_217,126524,63,49,600055.4050476833,5.500495703868509,0.0084242099874874,-179.92248069306308,-181.50315631289652,29298356.82686919,11993.003726401696,341.6644219133329,179.98176752046965,0.2306057105712962,15416075.738396326,5040.301024475109,13.778762296366333,-30.320613893795453,-88.54960469249033,6472867.395510843,2891.4184173586727,35.114695889507786,84.58604309485929,15.657621906647211
246,config_218,29825,31,27,358477.98160671594,1040.1799412248963,0.0429992890141278,-177.3441915357989,-154.17721371146487,29206302.69362615,9607.708254807976,106.27358886580352,176.03959078778863,-39.52312494118552,18869170.369328927,4931.500463100593,3.1329385822155342,37.69313586739887,-92.42886845082718,6834709.498924256,2023.9425406634632,12.854840324178552,76.87315234871433,12.039484604999144
247,config_219,67931,26,30,111450.79284525536,298.57340108834575,0.1820372364645403,-179.99886896372163,-167.8388922455475,28725138.41521711,9513.619347747024,213.60475248185816,179.99968731652046,-26.083860448089055,14660650.427927157,4230.155200419139,14.919196715337147,68.13649052332153,-79.68653553516101,8157931.409879962,2211.3620718781954,20.496070335071632,92.76877551689611,15.739894733209606
248,config_220,75196,27,34,444728.78109636926,149.1879505663922,0.0446672028917919,-160.83836381045262,-151.32712089167833,29121047.403474428,9602.36885052585,108.19069008091274,153.66562414042227,-21.13202219530097,14522454.188416507,4184.7656595897015,7.530717026804855,67.8287503206471,-84.03931745520289,5564365.36581067,3570.710718235337,14.469794775287289,74.46569579331161,14.268870304786404
249,config_221,70520,51,42,417509.8193292618,19.231231555952835,0.0634606400018564,-177.28723093328475,-159.59119437287012,29199738.776532248,11930.384331722906,342.2504168263289,173.42770911792806,-10.11667472346586,14131602.086100446,5500.69490801769,13.726730089934552,-38.70146634457541,-82.16048189642991,7773775.452825327,4168.206583439918,37.740707055222906,82.4415285439828,25.05916829559126
250,config_222,47547,38,34,700307.75495996,149.39438729313753,0.0302318922324247,-161.79333383838008,-166.4727521087838,28734638.603211947,11406.236785803414,109.9311987269394,170.09194254723303,-35.600038098570664,15674679.892523132,3897.4291097422865,19.04498082195528,-58.67584680722966,-84.60162756712597,5493496.52568015,3237.2433931951136,30.579636573164255,98.22289620441646,17.504025407361258
251,config_223,294994,27,28,352096.2938562111,10.399556281233064,0.0471365400049106,-179.7552981317887,-165.46567936204684,29299919.07539875,10010.837903011108,344.64072701170886,175.9080972952232,2.363513766470873,16833237.398223035,6632.951494240518,2.6592557380504425,45.73765819081295,-82.83229815769005,8149959.021348834,3211.6939767649883,19.83684800280732,92.60908046900758,10.472771268656624
252,config_224,276916,65,42,350411.56670901505,149.8209959960177,0.0322447473610285,-179.99489856808987,-173.52658492549202,29299678.980561823,11946.349192447324,108.15746976246034,179.99851788352603,-19.387806315485513,15026804.974365354,5620.009411259024,10.43496951562098,13.368671485931635,-88.05085832201111,6971119.225744763,3049.0039039525254,26.74646873898277,104.41630302971234,11.512794073009385
253,config_225,5247,3,3,1165260.0660026202,1318.2588869377018,0.4681871704263604,-128.81360894239225,-141.3636963686616,26549524.503242265,10009.806254996549,104.7453068402263,81.50732853619004,-46.14196521589967,19682494.594515502,5106.068833794592,1.5566385354325918,-113.07305495669677,-86.99862150517076,5458934.6233116845,1289.2070416908668,4.9488946942472785,48.500705082759474,14.179002181997058
254,config_226,2610,8,12,2207404.62245527,435.0864547566924,0.0343157372154522,-43.18922858558875,-151.9759360228536,28429526.968542267,9410.026403342032,213.845038298181,145.21422976586683,-32.85937206482397,15767996.119680602,1152.8726617767832,35.181229267750695,41.09183950426887,-79.23449851744905,7181506.288370998,1218.7308915060314,45.99444407723914,43.60591642395457,22.1874915239474
255,config_227,411110,44,46,786012.1042051843,149.5928933590959,0.0311107187892157,-179.9982278400681,-154.03600750126984,29299554.988869872,11904.393418090522,109.98165270109752,179.9892239565754,-21.527651231750127,13117693.564876022,5447.203455359166,9.34643826359107,-26.942956726093716,-84.17908102907329,7012115.448913249,3441.1876926762643,23.918117726335325,100.89858486087871,9.989636066285536
256,config_228,144167,66,51,30265.80877374974,21.522292201138615,0.0070791812820399,-179.98679081915242,-174.9158196100053,29306766.12586482,10955.144104780951,349.24510144826934,179.9923928192176,-7.3199773261156995,12598311.343359727,4258.882870731664,11.390948969255424,10.85621789718426,-87.76907577825159,6544996.919619087,2829.8696772986023,26.268027425991235,109.94432071542484,18.628622070493876
257,config_229,360280,70,56,241335.52298149775,18.022017433156982,0.0070200940581656,-179.99740653288114,-177.73284120165442,29184933.10539004,16065.018663670757,344.1909921188803,179.98402436044506,-6.175439742697925,14570387.988283413,5601.122069989467,6.793743115918059,62.54731462011455,-82.08618884334537,7246996.299600902,3643.651249749855,25.14739454411641,86.18227758378193,13.260024036863753
258,config_230,84177,37,31,423452.5130578743,5.5588276353088455,0.0288941207135005,-179.9992538075744,-173.91207059012328,29150401.803309795,9965.800586022991,356.3983239370491,179.99019406920553,4.542785176105845,15421578.921403484,5694.835588392083,15.966730743700714,47.7113008014041,-85.25332386330264,6147970.542052101,3407.5118705578957,53.137099494697054,87.90427540005332,21.33269619236301
259,config_231,505094,76,46,601149.9049572044,11.873209548179794,0.0072373936782813,-179.99912549787035,-182.94464870543283,29260988.23505083,11996.175368597096,347.681025486493,179.99700031836207,1.5390438622435687,13664588.167669868,6016.214588753442,2.4246408062722207,-12.182617764822984,-88.30207325283162,7231040.234859503,3177.5880913069236,21.77051481823191,100.28738622607707,10.89922088613671
260,config_232,16785,10,13,401555.38186187466,1219.6684860171872,0.006932409312432,-166.60087744892286,-177.88473078032857,28549508.63585537,11990.740052098989,106.67412531879872,178.76516254582486,-45.75735030820387,18156561.48508271,3854.834705233209,3.786906627174385,52.84397088029099,-91.50948501905935,7128657.198103889,1313.0961115701318,16.30793646787267,34.76287060436576,12.068924015982535
261,config_233,106527,66,51,200906.55600024495,149.95363736398943,0.0477671930281742,-167.58516832558968,-175.67638316847234,29297855.56917771,10024.5758389673,213.41007989695115,178.15122699819108,-27.746702328953976,13601233.898792015,4865.322078107179,13.18867176845359,-24.841077363774698,-92.02765998936503,7108161.0777992075,2743.405667987556,29.8249311453266,77.05202189704406,15.9599762263828
262,config_234,38148,17,19,354792.0708329639,12.848328873921036,0.0397964827360244,-164.2249853340062,-161.16980105449105,29298799.587218028,11982.973634424348,363.1576360299254,168.79109718218908,0.9371233552236968,18246875.572695203,5292.26060306999,26.088230738616872,-10.546494337464516,-89.82637259267067,6534848.822470801,2946.48570933333,59.77929729401585,65.15020507496595,20.519243398284317
263,config_235,92546,35,31,308496.521027967,149.5579013416003,0.030397089874402,-170.7087958568482,-161.35244472537863,28549737.541812968,9609.488895235912,209.1468308036219,164.58887365597744,-27.937606213247452,11834412.36132066,3955.1749534542664,22.532696211450684,29.12446165619907,-84.49673054343279,7176079.803425308,2987.0909359325888,34.79047282268727,103.72144788748037,17.436514141485056
264,config_236,64654,46,41,350400.9072172577,4.796079081310884,0.1658830698589478,-179.99557418555884,-171.09183064605975,29299674.49272323,9994.789704306871,342.2621803879068,179.9999123397197,10.601642004243924,16295706.792473633,4588.794440044019,6.757691783825178,9.811982107412405,-91.45944096034032,6473698.997930042,3203.5816038680387,35.630461110936004,91.14925189559402,16.278086586541548
265,config_237,38510,30,29,1143958.7345457545,5.68727401786337,0.0309408028746302,-179.993697595025,-163.69089187551975,28749350.118019924,11812.266849653495,347.31587426216964,179.6921490162568,7.943297541139257,14915904.183614628,2098.1665174144982,27.9414484968087,48.16252204468804,-74.41573467883839,6639552.939715581,1874.9634904159484,62.56819933082232,81.81089321921385,24.04034916219015
266,config_238,102945,74,52,261094.09838600093,25.275879178377085,0.0513977894854283,-179.99206064286693,-169.3823296872221,29345912.162856378,11754.282272309782,356.1437728792041,179.9827716740805,-10.617922585041253,16164194.96105322,4380.692319457184,23.54489068827379,50.4195171091726,-85.58645486688238,6654287.963242015,3164.948488811738,53.42080887204437,69.32272474028703,19.331445654267505
267,config_239,198969,71,55,308477.38722840854,21.11135024162067,0.0430297537628976,-179.9981772395309,-168.38922648717005,29195395.98297446,9994.124085041392,368.2465682187535,179.99820062404746,-9.99243209752796,15256412.44034372,4148.09390655457,12.26607292294996,72.68938874676378,-87.77694603199333,7653291.654396218,3283.5347518112076,44.15774566166022,66.09535952111725,16.264610430877013
268,config_240,79338,50,38,352927.3812995112,9.456472109951928,0.006900436739617,-176.06604698347388,-185.51371002599188,29297259.17497437,10998.356116452596,346.95714199883133,176.5234119071754,0.5037935743754409,13558344.332144082,4090.6503141513294,22.96181302068143,27.715367005503012,-83.54143102698654,7307746.687535444,2911.8437445876707,51.63527459435399,81.40012424748089,19.75989802099126
269,config_241,37828,27,32,355175.3624177695,301.4038731227652,0.0069747308960315,-165.7216542843124,-177.01340467000452,29137848.73239247,10978.24329778094,216.3413812872584,170.42030606982914,-14.33939008448136,16768234.51471428,4339.889997994537,3.076407069801252,5.9252494292927125,-86.02547383566429,7092992.612891062,1639.5589489018844,12.291683567138389,87.2604534508514,16.100253351547984
270,config_242,13618,5,8,1000662.881902669,15.944912496086742,0.1792898634652295,-162.06861545949778,-174.77546411684395,29159002.825812098,9002.668466741638,347.01178417032537,146.0432698826782,-7.280210022012604,14590718.085258808,3533.8577145078966,52.8390572019757,-62.17753187312819,-85.15186278758635,7027497.437884097,1556.3630256464487,74.28353351225739,54.51511655158987,20.969328504350045
271,config_243,117743,74,52,450989.187012962,9.673687908367196,0.0081796108688235,-179.9839489307192,-172.14008912007,29299899.800322857,12000.645602481858,345.6290078516156,179.9231719492548,-3.249763869906352,15659092.766677674,6655.394745558517,8.111718148791862,3.0716467902978786,-93.97366506783337,7617902.001120429,3155.258449439726,39.08821460139691,91.03643281934978,17.629621013752715
272,config_244,95386,32,34,264193.00635486585,352.108243094846,0.1805398142380153,-145.45196811089423,-156.97120268093133,28732234.589609176,10011.07490872528,213.07416854615545,153.7662244332717,-20.462658588537707,11155158.60880708,7619.407473290667,1.7504675738658284,-40.02750317902659,-91.58663217506118,6818588.466580014,2670.193385960868,7.189040971312531,86.30708619223066,13.47204054851326
273,config_245,103049,32,26,1000061.7288785937,149.38264983417133,0.0370710930974939,-179.91588658254304,-163.79457520297655,29199058.873294663,11404.02715475282,46.74544723717713,179.981929954199,-34.490155747500516,11734778.863793012,4735.28524804366,1.9421644777204183,14.100109899573798,-93.55847411158076,6946727.4185448205,3397.178086545157,7.446913677881584,90.27929538358282,12.718619080671298
274,config_246,10629,17,21,351247.0081707992,440.0768385146416,0.0069104770742338,-142.40938276859077,-178.02650451588394,28748178.00837369,16068.447331795996,105.98166841363678,173.4561612291304,-30.386292470159063,16044120.971869009,5190.92286714586,3.735595795779598,98.69837607828616,-92.2737396732926,5458222.834273316,3991.5371446278104,16.193151459204874,112.66381446338455,17.382874046099086
275,config_247,63373,36,34,651321.1757598864,149.93309566547617,0.0721617449983089,-175.3955659730965,-159.35307729867426,29299021.154786613,9991.781332002687,211.8939586552799,177.00036580180483,-5.807785697667917,14975083.792320097,3382.5352865271866,6.907752338141401,-72.1261562076856,-84.15550907637338,5510601.473825252,2781.365033714568,20.37254483856545,92.95246668885532,16.291787887979428
276,config_248,79044,42,43,352763.53494825744,420.12615165066353,0.0495950892567972,-179.99754212586004,-167.65101512837143,29408654.720620353,11993.782270855923,208.7877664802313,179.99143268803996,-25.31735422765707,15361196.890920768,4780.439253477368,11.068132355495418,14.337200654298012,-88.71007517726912,7050122.477517455,2235.652738677198,24.68380350393248,103.92668414829188,13.861914492139071
277,config_249,66690,39,34,200248.82979926775,421.2327480339689,0.0079475387065858,-179.9685369618483,-165.1043881645888,28749516.059773833,16029.795565263676,106.87220732042204,179.9989273596479,-33.96003248601369,13317776.072611896,5571.927348551428,1.417738308059952,32.00571818542123,-92.48066243762288,7251026.769572833,2552.805182753881,4.410841685105974,64.5727752159806,15.309990927633006
278,config_95,75389,45,38,211050.99784847288,149.64579103540234,0.0087124929854425,-178.2357012110888,-180.7963892573842,29298209.837882172,11975.565098561325,209.716513665647,170.72076870780842,-32.04166499741622,14317172.939367574,4803.834724149282,7.520688716830447,21.97310153798398,-83.76912321786978,6668141.316474681,3322.496893888657,16.30335563569839,59.77867632061478,17.351714159311225
279,config_96,162814,70,53,1494.1674383923544,17.647892994246302,0.0069134944082818,-179.84599195571903,-174.6796341500628,29299546.746178187,16056.632748023609,355.1251789860323,179.4552487041297,-7.619695484619834,13738135.846523264,4226.787461914887,12.841808638943553,31.792193437199582,-82.07016621772306,6468718.01133185,3299.331801169174,40.00186828289989,66.33234040835157,19.61584488514631
280,config_97,295422,54,42,257104.23539414743,14.616966668936625,0.043955003505139,-177.57413377942723,-163.2252141285739,29299916.447759777,11998.130625709951,359.981868112275,179.42804331081788,-3.95990939102351,14892936.367360914,8092.870799387848,6.030282461233207,39.63850821632907,-81.11834018025858,7773981.98233832,2289.7115142239136,37.463366961467834,77.47969804730246,15.988888377988436
281,config_98,126292,54,45,199683.67647167863,15.960231727748102,0.0420441941298292,-170.23097666296732,-158.88226539707455,29348590.580931995,11401.293971537683,357.34308710645155,169.30866638273218,7.526967084698814,13874907.933632346,5436.252309785287,18.274157062477617,23.403854231001056,-84.29756758086545,7431909.607707927,3511.2631191610976,53.384422943213785,66.3124779366906,20.25571771163897
282,config_99,29670,23,24,201478.9233889953,444.7781981615915,0.2277753182168941,-142.93238494739455,-146.06952900207153,29286891.700183064,9508.35302343232,213.12121420364852,154.5867656080177,-48.483041069391675,16783072.021617632,7213.268261494094,2.240376471559351,-15.514044074929936,-95.18934113626608,6170590.7837018045,2930.991743301889,11.823955564699872,78.33566567284988,14.838189770003789
283,config_83,17327,33,32,1079211.7735455576,1269.2850698259308,0.0423117383293002,-179.99714151546544,-171.8007729548382,29259998.800296888,10025.732347086729,109.2668756300759,179.96805212812276,-32.99230436604718,12543676.680709852,4344.944266850346,6.76443281342886,42.79024440303278,-93.03712998753574,6307735.241001927,2198.07514012886,16.982557415059144,74.75697795035111,17.498140692629736
284,config_84,59,1,2,1325317.566005902,8992.478712852524,0.4760552584665055,-53.65037752556413,-155.1775662216526,29177297.922425367,9605.816571428835,20.83268595709329,-36.95923011172528,-90.5731339463884,4769557.74543024,9345.807444673315,12.11167236089657,-47.53582020148278,-112.77052276321956,5616811.63978148,226.37926947145763,9.619453154281032,2.699458252823608,15.954220106278145
285,config_102,72992,56,47,1001750.0365882699,12.025523285514131,0.03498625253729341,-173.93551254276193,-174.72553166907863,28995871.663896248,11407.387178129457,356.42486083339,175.33892325050175,4.824473986419845,17215415.992939815,6929.654926988339,13.11890411373201,30.549946023913172,-91.91418740744398,6438705.811642235,3130.9780611280667,56.33559850544274,91.44490965534106,21.44102735339586
286,config_103,249,1,1,5455408.296596258,9491.100906602382,9.762351314062748,-133.03740588294878,-134.080985373613,20681106.005647145,9508.374495325186,10.30797189535798,-126.6344863810302,-99.43836795734458,10635984.180595478,9500.09359532026,10.004052633426266,-129.53188544116614,-107.64364568050603,4496879.60517193,2.7365093312076554,0.09633901036018568,1.151044884159881,5.01607235092735
